"Reputation";"Answers";"Views";"Upvotes"
424;4;76240;77
1059;8;177196;381
44789;22;124113;5292
4000;1;1393;11
975;3;38393;62
26757;3;530;10
11505;1;559;14
11252;3;16017;264
448;2;2919;31
4542;3;7326;123
404;2;8183;28
1566;5;127516;346
11135;2;85558;1696
75;1;917;0
171;5;28535;30
4316;4;13374;47
88528;2;1328;125
3683;11;22711;139
3265;6;52443;160
417;1;3231;1
300;5;78202;53
8201;2;7273;99
24057;3;58091;1308
26;1;839;1
628;1;2715;0
301;2;21129;7
846;2;14384;14
1607;2;5287;78
241;3;1922;6
15460;4;34084;709
1294;2;4537;6
1801;4;18518;65
0;4;6300;5
0;4;81135;7
2900;3;36730;277
261;5;89069;45
43;3;120;1
983;4;28297;33
737;4;35504;51
10935;4;51781;496
4454;7;323032;823
57951;2;65784;2903
11;4;1445;3
785;5;4797;5
100;5;8018;30
610;6;41404;58
17725;3;89692;1790
4469;4;45946;247
347;8;113678;108
584;2;37033;143
1588;5;7708;26
0;7;144857;64
53;2;25302;6
349;4;7867;4
85421;8;36929;5686
816;10;190815;224
628;1;1621;14
2479;1;2001;11
76;1;795;3
324;4;23999;41
14772;11;1605;32
5901;7;47415;298
608;3;124146;41
2662;1;554;10
129;3;2930;3
13965;5;13827;292
16;1;286;0
171;1;638;8
961;10;18804;35
455;4;13427;13
523;4;8750;13
490;1;23528;903
63;1;3966;16
881;2;56762;87
4582;2;3319;47
991;1;750;4
32965;3;7104;177
5835;3;7366;66
15977;2;16969;329
309;6;109752;54
5122;3;31508;115
16344;5;3575;89
137;1;2905;9
57914;3;2116;110
15782;24;152703;1844
43200;4;57266;1941
111;4;2138;5
3510;2;258;2
1711;15;332145;613
6713;2;18740;179
91;5;38383;14
32;1;402;6
1710;2;394;5
1969;5;20648;29
8478;5;71006;515
3633;5;51765;220
307;1;13884;15
2561;3;3743;15
287971;7;30978;6396
0;12;87440;25
358;1;42;1
1204;4;54894;125
1677;1;2251;7
473;4;50;3
58496;2;6068;336
31;3;80;2
795;2;14812;16
491;3;3651;26
576;2;7313;24
879;5;7108;15
7508;2;1828;13
2253;1;13818;129
3781;11;77746;379
1425;2;994;3
14;2;4023;6
146;2;11123;12
170;2;25082;8
371;2;755;6
6454;2;9739;117
48;1;2641;2
300;2;6405;18
4780;3;563;27
11093;3;42061;457
55532;6;20303;2193
342;15;63319;63
4247;6;51737;222
253;2;10848;59
1886;3;32474;147
1767;4;432;7
793;4;45429;46
10026;9;78824;468
1807;4;67074;116
14043;1;22594;195
27919;11;112282;4099
48;1;356;1
423;5;1451;8
3672;3;75862;253
153;1;611;4
7251;1;43037;353
3274;5;12606;35
4202;5;6866;35
834;2;2362;3
690;1;3919;6
22098;5;53659;1423
113;2;5472;3
1451;8;12064;24
26803;4;32189;500
158;15;25093;20
153;2;22746;34
9968;11;183537;2782
1276;9;61537;130
2065;8;35230;101
479;2;9095;6
2363;7;94927;267
314;5;35094;10
318;8;14326;7
271;3;308;8
17175;15;50789;820
0;9;21013;4
5462;7;13220;131
394;1;1706;7
6103;1;1372;12
116;9;90856;20
2482;1;6321;39
8862;31;552480;7158
374;8;449823;153
55510;7;7859;379
925;2;2920;7
71;4;3034;38
6092;1;1694;21
3088;1;6561;25
3549;2;2431;10
3491;2;6691;35
13610;3;9945;365
33;3;9431;6
19;2;641;0
766;2;57410;117
3753;6;99093;200
137;3;9900;6
2114;4;25989;68
381;2;6510;59
1129;4;29224;37
2975;1;6935;26
185;7;47229;42
553;1;2809;20
79;3;83112;14
13838;5;4049;96
67;2;4609;4
79;3;189;1
6097;0;2193;17
42;3;1532;2
3222;32;880986;3450
31;1;3267;15
1310;2;29903;76
317;2;1126;5
763;1;643;1
2341;9;204072;597
2318;1;1619;18
368;3;5074;27
13499;12;7150;111
473;3;5628;11
11051;7;51963;1044
4383;2;1124;6
21413;8;52233;1852
18;1;97;6
645;3;15549;52
1239;3;375;10
5785;12;273081;977
2748;2;228;2
2421;3;26234;120
0;7;15538;5
383;5;9612;24
235;1;336;13
56;1;906;0
12734;15;165237;1496
1943;0;18;2
14612;3;8303;119
11606;3;33321;397
1261;4;134968;197
41;2;460;2
100;2;196;0
8333;2;24707;159
8359;12;53483;339
63;3;9883;6
2654;9;82926;361
115;10;41185;41
134;4;23346;16
105;6;5478;1
2798;3;1703;9
902;1;4896;7
4736;6;2768;38
1151;5;56625;150
1358;4;29113;53
141;1;17638;10
19504;7;407;6
11582;1;9679;133
32755;3;14317;496
48;1;136;7
294;6;44501;23
51;2;16669;29
295;1;1850;38
2692;3;11389;49
3106;1;4199;28
23799;3;14682;269
20183;12;120379;1825
8637;1;3856;68
3053;5;15068;48
1507;2;3394;10
3866;3;434;3
401;3;31435;57
15977;6;72997;1611
7412;6;198832;1121
423;7;17963;99
1922;3;649;7
1491;4;708;3
1595;2;2900;11
122;6;14681;9
739;4;30506;16
618;1;50590;62
20716;5;1090;23
4350;3;37112;236
2451;3;15396;78
7490;2;2222;18
621;2;1453;7
36;3;6062;14
4331;8;52825;327
325;1;1406;1
46;1;7424;0
921;3;93086;89
15;1;92;2
6007;8;71109;322
98;3;419;3
556;1;8859;12
2175;13;27788;178
6489;6;5171;80
17095;2;4892;110
7117;2;1714;20
76489;8;1254;113
2311;1;1219;4
365;6;71353;14
103;4;20209;3
233;1;3792;5
40694;5;906;47
921;1;958;14
34584;10;15392;546
1740;6;138718;154
5945;1;6720;72
3;1;2085;3
577;8;77686;82
17095;8;40778;865
41;2;15181;17
412;1;6081;2
476;1;2438;101
4287;1;482;4
2370;1;547;17
287981;3;7530;1921
3006;5;2158;568
2158;4;32824;54
5500;3;6618;44
25;7;967;6
809;13;64071;39
879;2;2007;3
7687;2;32662;138
715;1;1851;5
4383;7;4342;28
6924;7;3560;15
99;4;1713;13
73337;1;289;24
3053;2;12864;70
3044;6;214086;900
2643;1;12761;56
3127;2;42223;214
14158;2;1128;18
3031;3;9463;42
5700;2;1871;14
12220;3;10499;135
7112;5;10623;59
1329;0;1232;73
0;1;2724;5
540;13;50063;40
6454;4;16456;252
291;3;16973;16
81;5;65516;27
249;2;5442;7
13043;1;4171;65
86;3;13373;1
72;4;2960;2
69;2;1869;3
23679;9;830;43
801;4;6250;11
5770;8;61291;416
1743;5;19209;89
3150;2;6719;22
1665;1;7801;11
205;4;44800;15
698;19;122486;111
1555;3;8553;28
1919;2;636;4
61;3;3977;1
394;2;16423;6
5175;4;41471;203
117;1;11838;6
45140;4;5980;263
479;0;972;31
546;2;2921;5
40060;5;15238;582
34302;4;715;32
58;2;10927;9
197;2;984;1
3768;8;2682;18
6981;2;13978;154
222;6;4833;32
6;1;158;1
311;7;164162;121
151;7;2204;29
361;1;8750;17
324;3;7179;16
3509;5;36936;188
976;1;8197;91
2095;3;2177;36
1059;2;18596;48
3402;4;935;9
283;1;18317;17
50517;6;741;40
526;6;138687;68
4395;19;434868;1556
12090;1;31;4
94;3;19521;16
174;1;70;2
481;5;466533;344
7561;17;154188;990
745;4;10783;4
8;1;32;1
7656;4;2528;23
876;2;14414;21
10130;2;6302;80
28;3;2432;4
1180;1;2041;7
0;1;14022;64
8352;6;16981;134
679;1;6304;12
18;2;117;1
163;4;1428;3
2032;2;39440;146
122;2;246;2
32171;6;27335;1232
680;1;18373;17
2975;5;13496;73
1784;7;306134;881
1094;2;2733;10
9319;7;65326;1174
61;3;24963;2
17722;4;1184;41
13525;2;1472;38
16864;9;17676;355
2069;1;37977;131
797;3;78835;64
313;6;56759;18
82;5;3620;5
4320;8;232164;817
3643;1;4399;22
21;2;1363;4
3163;1;806;7
82;3;1971;4
2859;3;37703;113
28;5;33979;0
11606;11;1765;27
932;1;15938;16
991;3;36900;30
532;5;1459;237
12037;4;89402;915
285;8;38332;15
475;6;13502;19
368;5;60855;17
8590;10;17162;226
8084;4;39718;204
1216;6;144121;630
182;3;13383;61
474;3;3883;5
1535;3;10048;45
5087;2;6461;42
67;1;608;22
996;11;12802;21
2675;5;86098;160
453;2;17030;8
22;1;4204;6
0;2;44710;24
408;5;14893;43
4728;5;34642;152
966;3;772;23
10569;3;18940;96
2248;4;6209;15
73;3;16973;21
912;2;6088;10
394740;4;463;252
281;4;3268;4
12606;2;5931;84
3419;4;2956;32
746;1;31080;41
3466;2;18213;66
1821;6;9962;24
438;1;1294;19
1208;3;18421;214
1933;3;8657;20
6369;21;452656;2330
474;6;4626;20
1196;5;36657;77
15557;3;9196;140
0;5;5132;3
458;6;163521;138
2190;2;17350;35
32952;10;539790;13717
1322;3;7118;10
11851;3;9925;139
334;1;715;1
46;4;10612;63
1475;1;14413;22
9461;4;46055;666
4689;3;33448;254
527;7;187646;94
5199;1;3129;11
1425;2;8110;71
353;5;14034;12
9001;5;135688;1457
15327;2;38546;383
16;1;5106;3
21;5;24520;9
3121;5;100150;398
801;19;71573;75
1108;3;11544;19
5679;7;6325;85
9589;7;14549;168
2866;5;6389;80
1431;2;5232;14
1759;7;39408;40
27;3;13799;7
49169;2;2380;210
2574;3;5159;34
4220;6;277102;873
308;3;1313;10
876;8;197933;207
20;1;540;1
106;5;14303;41
1266;9;13181;17
110;1;3816;18
33670;5;20708;606
45151;4;7494;263
54;3;36166;40
5064;10;206570;1608
331;1;117;5
115;1;5530;2
7842;3;4802;32
2009;8;35557;124
33487;4;13918;262
283;1;744;2
32978;5;24094;1246
702;2;679;0
112;5;1891;7
115;5;31668;35
5397;2;1618;22
33;5;4113;12
73;2;3854;0
82;2;22015;22
367;4;91658;94
2618;1;2407;7
726;6;107546;111
0;2;7914;5
914;4;6684;36
803;7;1569;54
8130;5;125941;1528
225;3;27626;5
1418;2;1360;3
3132;4;2806;61
1695;4;16791;22
339;1;2051;16
640;4;86317;60
302;1;4023;13
181;8;21128;44
103;5;5395;57
2673;1;14427;27
19504;12;93034;1558
35928;6;57718;2019
1753;1;2945;16
2280;2;628;2
3069;1;5298;13
2147;7;97709;162
8352;6;4141;57
2396;2;8751;41
73;2;2665;17
1415;3;16589;22
32;5;30872;18
6687;8;21571;212
4361;19;7187;32
4847;1;5790;29
1810;8;2490;8
584;7;56396;24
751;12;456359;570
478;2;4636;4
256;7;12029;3
642;10;495868;219
990;1;23547;92
36;4;2607;15
4393;1;28009;113
351;6;19272;12
8391;1;6798;56
6526;6;11192;151
444;3;12483;4
3328;5;102109;303
575;2;619;5
9692;5;109859;843
0;3;13743;4
99;1;2237;6
7594;2;9795;72
275;2;6337;35
188;1;7076;8
145;4;75231;27
3441;2;52108;148
10537;2;27775;372
91;4;6817;2
2423;5;316282;1020
611;8;38693;60
1323;2;4432;27
743;3;35905;28
12292;4;41647;323
290;1;2524;5
39;1;3956;55
1786;5;9805;60
4304;5;52591;142
181;3;53675;9
87;4;112202;15
36;4;1713;4
2368;5;49375;94
166;4;12709;11
11021;2;4126;41
6298;10;130090;881
2050;7;59773;66
423;2;4067;25
9064;9;161722;2040
8378;4;87094;629
3009;2;2014;21
60;4;8374;12
4451;1;12229;82
3893;1;884;3
9877;3;37316;459
629;7;25211;78
38;4;1456;5
1734;1;985;6
2256;2;1634;3
1058;2;1404;3
901;6;50574;55
3483;6;77218;189
40;2;110;2
1186;4;14000;41
9829;2;12187;162
56;2;9434;3
427;1;11832;23
298;6;23144;20
24;2;5778;5
6979;1;3233;38
13965;4;14112;140
4977;12;71590;211
23832;3;6932;193
41;4;21151;3
5;0;16;1
43130;2;60828;2628
15311;4;7929;148
188;2;12659;11
6331;3;6164;68
140;1;976;0
15866;6;27604;303
1776;11;10984;84
5891;5;40641;445
1366;8;131021;303
0;8;1760;24
130;2;12636;11
1189;2;4830;11
5665;4;1548;18
782;4;9898;21
0;6;21351;5
41;1;336;3
2647;4;1677;26
12374;2;18102;241
274;7;3116;9
1716;3;2055;2
535;2;439;1
5476;2;12803;106
293;1;1272;2
15565;4;14235;113
3402;6;42637;183
1068;3;24518;99
3968;1;1899;11
2970;3;29461;137
1369;2;29337;67
3021;23;87489;419
85;4;137;0
668;2;34317;132
2300;5;8526;23
138;5;21985;6
3458;19;357471;1409
5962;2;3390;20
3832;4;22697;56
230;6;65561;13
2180;8;51437;128
10945;2;47327;784
136;3;22087;23
425;2;2876;6
746;3;2590;9
4700;3;13289;59
838;1;77;3
4870;22;715347;1915
76;1;7661;15
3183;2;220;5
408;2;1375;0
46589;5;22790;1522
736;2;2929;4
74313;13;964613;81661
62;5;6328;5
874;36;140137;201
1177;2;427;7
10057;5;63678;878
64;2;29487;6
439;8;125264;142
15270;3;21168;161
1690;4;22502;64
16970;4;3700;70
2106;6;35011;47
0;11;131006;175
4025;5;90963;492
32952;1;103946;1810
2352;2;1506;6
247;1;8897;14
2650;2;2700;23
1052;5;56791;79
116;2;1157;0
4137;2;127767;286
3875;1;383;1
2778;2;8379;27
5440;13;57467;293
3093;4;15818;29
983;4;21626;47
660;3;10558;36
6713;2;7935;72
33;2;4673;12
8801;3;2029;20
128;2;3782;9
589;5;20981;19
5283;1;7075;33
1119;7;21513;48
1940;2;3400;34
89;3;328;3
10858;3;7389;122
103;2;31437;10
1045;5;4578;12
368;2;13935;44
9895;3;6669;31
16261;3;14882;267
143;3;35394;28
6883;4;15207;87
52425;2;3025;198
831;5;360337;189
532;2;4603;18
542;1;2968;45
65;8;17808;7
9078;1;7963;55
64;4;3033;5
13980;10;641;34
2730;5;16005;66
1164;3;7251;17
13;2;22559;3
311;3;12888;32
53227;2;4074;128
322;2;11337;7
23580;6;22240;503
3991;2;3449;29
89;5;4646;11
492;1;1037;0
4100;3;15574;102
346;11;14604;98
45;2;9506;10
38711;1;1682;117
2635;2;4030;19
364;1;884;0
638;1;520;7
8588;2;20074;119
0;4;21093;7
16;5;10694;16
255;3;8812;2
852;1;2576;2
1381;2;2640;14
18198;6;17316;425
4017;7;9260;146
1093;3;241;3
1767;2;14871;50
6396;0;1127;10
1458;3;80366;338
260626;4;3781;946
2656;4;51126;182
1212;4;114808;186
137;3;4342;5
40422;4;632;26
35558;5;6311;156
0;1;1702;30
9276;4;1440;20
31;5;14702;2
912;2;99301;123
2272;4;923;3
932;3;62;3
303;4;184980;91
360;2;1931;12
0;2;6055;1
91;4;53706;12
730;2;20621;21
4088;3;81539;351
1368;2;1698;6
33;4;14091;1
1689;5;37262;109
329;2;13157;8
22579;4;43402;815
7890;1;741;4
8655;8;2554;25
35;5;17317;8
359;2;9836;65
846;5;12069;54
74;1;4598;2
455;2;670;5
20393;3;6605;124
3826;2;7644;40
158;5;95084;49
1314;1;452;3
5081;4;4438;58
12429;1;1805;41
110;1;224;0
0;1;235;9
3290;4;29069;74
9610;6;140993;900
2754;3;9839;51
310;3;11878;6
47218;10;174277;8194
6753;4;12924;141
7053;6;35980;113
6853;2;12262;82
244;6;16197;7
3859;3;2760;6
4100;17;372417;970
102814;8;37391;3722
760;7;29093;99
32076;2;8991;214
371;1;192;2
3556;3;33266;137
37626;2;13417;447
53;4;3075;6
3071;7;281318;638
161;3;4310;7
39774;9;111532;6562
96617;3;91200;5467
5844;1;8620;81
221;3;3247;8
78;2;7377;4
633;2;3128;25
142153;2;1872;344
709;6;70050;36
2235;1;839;4
0;3;18099;2
323;3;25624;11
124;2;2777;6
8137;11;239685;3858
34;3;499;11
2972;9;6377;14
6;3;388;3
33;1;614;0
154;2;676;1
640;3;7728;18
151;2;14922;2
9484;5;21161;234
5896;5;24559;127
160;3;22791;7
40;3;2028;4
72662;3;18502;1877
4072;6;230;0
3548;7;14025;21
1895;1;3509;15
844;5;4345;30
477;1;322;0
18673;2;2250;37
36785;2;51072;2175
3968;1;1161;8
270;4;15854;12
451;1;2130;5
337;4;17544;16
853;2;6190;38
5175;4;18067;156
2061;5;110864;411
1993;2;58193;121
1203;2;19889;96
539;5;51455;29
1598;4;1970;3
364;3;17090;10
3510;2;6498;19
3909;21;1084042;2991
576;5;9829;17
13800;5;6696;186
120;1;10455;2
521;1;2010;2
2107;14;116348;282
5598;6;38261;321
11775;3;73771;1101
1290;3;8682;22
678;3;31836;27
23;5;3848;6
3;3;4010;8
150;3;4295;16
2287;1;11307;29
1356;6;89234;256
1598;13;126491;314
508;2;5567;10
294;1;17817;15
63;2;1982;9
67;2;18655;12
2900;1;889;10
167;1;5857;13
172;1;9678;9
12402;13;467608;3229
1119;6;71836;93
105;2;59;0
702;1;1331;1
1338;3;26443;44
11;1;2200;7
2080;4;13475;61
1253;7;9807;17
7282;4;2491;36
1185;2;2358;8
31;2;7462;28
54;2;11779;7
595;2;5731;12
8709;3;2980;42
1393;1;3767;8
35906;3;27701;1641
353;7;39856;27
1272;4;688;2
8883;5;5938;65
21;6;4107;3
122;1;757;4
26803;18;800467;26182
20510;3;34793;442
64;2;16887;10
2415;4;41138;62
2687;3;793;3
4789;1;2392;20
751;2;66389;74
72;1;526;5
2005;5;19426;98
20885;9;56405;1143
1346;2;45217;139
7122;8;111215;507
159;2;501;1
6528;4;5204;36
489;3;42092;467
41084;4;11252;603
1016;1;2955;11
1255;3;7466;15
62;2;5793;15
386;3;26816;21
5954;11;24744;135
1057;9;37805;21
71;9;15057;4
8334;2;854;8
133;1;36980;89
28540;12;74448;1369
30;1;1434;1
644;1;5139;15
375;4;35396;32
870;1;3387;3
1626;3;28444;42
1237;2;620;5
1207;1;2319;10
15572;2;11067;247
132;3;3588;16
44;4;6535;18
57;2;1279;5
17963;1;966;46
881;9;80631;373
1039;2;3835;8
706;2;270;25
1981;10;73484;193
31;2;29267;11
2039;3;23560;50
1043;4;76763;111
5255;1;242;2
1165;9;84348;173
191;3;15938;6
5342;4;10039;52
19;5;1538;4
607;4;49252;103
16;2;2079;1
9309;1;1259;9
0;6;12821;9
1;2;229;3
450;1;14611;24
391;3;15499;80
1042;5;8821;20
0;2;1654;18
2029;10;65823;199
1266;7;4803;15
1749;3;13556;44
11178;3;3840;33
6214;6;52882;282
5963;4;29232;262
13120;3;18066;258
3487;3;49920;188
6286;1;2812;38
3944;4;11952;98
4804;6;37369;300
8350;1;21875;157
34429;2;44840;983
290;2;5737;3
3516;4;2389;8
483;4;6771;10
1166;6;220;3
1353;2;7667;9
6;1;73;1
78;2;2857;24
568;3;38397;33
25;1;164;2
1664;9;1509;30
6486;2;8880;62
203;10;49941;39
3108;8;61299;202
1511;5;18742;32
20617;2;1901;49
1124;1;14622;15
1693;3;41973;66
7584;5;4312;168
1303;2;6813;15
121;1;3999;5
3429;1;2275;22
4731;4;23859;100
57;4;2226;5
996;3;2534;1335
1923;7;1191;10
1396;4;1192;1
51;1;792;0
2566;1;9906;14
381;1;220;3
397;4;30969;13
68;4;8495;8
333;4;10333;5
335;4;10776;19
22;4;17624;2
4507;0;2665;49
76725;4;4580;282
32;1;1316;1
500;6;47332;42
91;3;5634;5
17368;2;14666;379
2887;6;33321;112
1441;4;33514;59
1597;3;23600;75
24;3;7893;2
11362;6;10816;131
123;2;1145;6
2453;8;150253;660
199;1;669;3
1668;2;843;6
254;3;3900;5
1356;5;6281;7
7627;2;10000;96
882;2;2242;13
15473;6;50990;654
228;4;7291;1
390;3;12508;6
4130;8;2120;17
1110;1;14292;26
1869;8;52581;70
3494;4;5665;47
93;2;6678;8
6390;7;12885;82
17323;3;6360;107
5462;2;1555;20
1127;7;132669;339
31;1;6145;11
4518;2;1558;9
123;4;30850;40
79;1;4383;18
1047;15;95227;190
6146;2;1719;13
5865;4;2422;21
3268;2;594;27
1146;2;686;4
2963;2;4871;39
110;4;28115;18
2490;1;2594;11
0;5;42057;7
71;1;1123;3
35220;3;2694;64
276;1;255;3
2314;7;31712;68
3413;1;1505;10
46;2;1611;3
688;3;52291;56
0;1;3637;3
5237;2;4738;46
97;1;12427;3
3984;6;1505;5
50;5;3389;3
461;2;110677;70
6084;2;1355;26
56;2;28038;7
1397;2;948;5
1225;2;7286;12
1773;3;21417;139
185;4;9164;26
2399;11;135499;298
10102;2;13394;121
18266;5;17129;303
1291;2;4561;9
987;2;1872;43
47;1;206;9
139;1;457;6
1912;3;7917;24
541;1;10935;12
532;6;13132;6
2668;2;16938;48
134;2;1257;10
82;1;2337;6
209;3;41856;27
1889;1;1238;10
5558;4;2009;20
40;2;40459;2
144;9;199164;24
3102;4;49841;245
794;3;2806;9
1348;6;28384;57
25;1;1431;3
156;2;3319;18
11482;8;1724;32
3961;10;2888;8
4126;2;19648;145
12491;6;34882;477
5195;3;21073;115
2492;3;144;3
53;1;7363;1
9494;6;102091;1600
3475;2;7503;28
849;1;5499;5
923;4;8822;15
860;3;6750;15
471;8;16762;18
274;5;15222;25
850;4;1256;39
239;6;11520;7
50;1;2155;13
830;1;743;22
1025;6;25816;31
50;2;9148;8
21;1;913;4
23;3;710;4
70;1;869;0
328;4;14962;16
105;1;9159;13
5323;2;22795;119
0;5;197810;49
3467;2;61412;221
36;4;1713;18
96;3;30599;29
4902;3;31057;83
497;6;12699;8
2041;1;1015;40
7122;2;867;7
8042;3;3566;36
803;3;15187;16
766;6;87169;81
1545;6;19045;27
76;6;14740;2
141;1;17413;14
10794;10;146094;1995
16364;0;2224;48
2859;2;66;5
1506;1;5756;26
293;5;27530;47
308;3;5469;5
1688;2;2604;17
6735;17;48211;328
56188;2;1890;107
2658;3;9219;22
45436;4;987;46
47218;5;25244;1839
3949;3;33345;205
432;1;7089;19
189;2;3669;6
918;2;7317;9
3419;3;4033;16
6739;20;8203;90
0;5;9995;12
15466;3;3806;63
114;3;7709;2
73196;2;5521;176
135;2;2696;3
6278;5;5415;55
43524;1;190;12
744;6;104174;29
18420;3;985;38
3629;5;36050;95
5642;2;1397;18
4868;1;857;5
0;2;7788;40
5319;3;33009;211
4394;4;1281;18
766;2;6886;10
122;2;6608;7
2808;1;24591;131
632;7;22693;129
5775;5;1072874;3719
3001;2;11119;131
4275;13;227229;944
1217;3;1413;10
2277;1;4455;19
215;1;3679;5
619;3;58536;102
169;3;5722;8
1485;9;57923;134
300;1;8222;14
786;1;134;23
22;3;5259;6
108;2;55862;4
1269;13;290864;360
23082;3;432;11
391;4;49722;100
2933;4;21114;149
1157;2;4402;21
532;6;17037;9
75;1;983;5
9859;3;238;166
4947;4;3691;25
3785;1;8960;95
304339;2;5762;1315
3441;3;14885;66
2577;1;1011;3
31569;35;668656;22791
1329;3;36207;55
3057;5;15751;35
4181;4;50457;205
10941;3;12511;212
488;15;40718;17
56;4;69388;3
3243;1;164;15
52;4;16418;7
90;1;5396;1
3855;9;55712;410
4693;3;967;9
15;2;413;11
27536;2;18358;227
1071;6;57872;89
21580;4;3530;71
1634;2;5268;19
575;18;119971;141
1677;2;150380;426
177;1;1369;7
9550;6;3377;64
2827;13;800602;2439
6362;1;4767;41
312;1;5242;18
60;2;15688;128
314;3;29158;10
237075;4;27192;7703
1440;14;237173;328
798;25;204639;135
114;2;5594;10
82065;6;8760;581
1350;1;5451;22
4933;7;13889;73
1098;5;5299;12
488;4;39580;20
1902;4;5547;18
109;2;4179;51
0;1;2792;12
89433;4;32042;1812
794;5;7195;38
42989;6;9793;258
2816;3;152437;421
378;5;23423;14
6;1;5546;20
338;1;2781;5
11101;6;8252;45
3004;6;47503;157
39375;4;50930;1623
29;3;3893;3
6830;4;9764;68
306;1;18444;22
8456;3;25110;320
2963;4;16495;99
1675;5;105821;217
7112;1;2006;22
11;3;3367;3
8908;1;8843;85
9477;1;5628;97
1129;5;813;0
2796;2;8089;19
226;8;51699;836
796;2;2228;7
12067;11;56817;995
5139;8;23659;154
9;1;54;3
9329;1;484;17
33318;4;43665;1273
1253;11;171339;265
1346;3;301;0
0;2;969;3
2869;5;105778;404
1789;6;105112;338
219;2;6862;5
463;5;14498;10
564;8;39003;100
347;1;3340;0
2860;7;30434;116
78;6;6408;17
48;2;1618;2
734;1;2463;5
90;3;5843;13
9151;2;594;16
1126;2;23840;16
287981;5;276120;118017
123;2;81;0
10145;13;14923;127
10739;4;5276;118
2768;1;7827;33
907;4;67483;64
190;1;12459;27
893;1;23456;33
3953;1;1947;7
19496;1;253;6
2718;9;47663;158
13236;5;27079;390
12970;1;4635;86
34556;1;4505;209
29611;2;8787;206
19;1;8365;13
11;1;406;3
6669;5;3411;88
34;9;5819;23
27192;4;36486;933
1359;3;5838;14
20414;7;26930;535
46;8;11302;48
214;1;905;2
362;3;14251;6
2780;3;7151;31
42415;4;3037;59
1034;2;1937;3
2953;1;7575;116
3260;1;23464;73
638;6;17631;14
42;3;825;0
692;3;39396;18
96;4;34365;11
10704;4;4241;60
20426;6;3447;91
10674;2;37329;341
106;2;5076;19
983;6;44207;75
4132;2;16968;63
6299;2;27724;291
1568;7;3150;41
34594;7;711;17
1963;5;24159;97
81;3;7911;18
906;3;672;56
36;2;3263;4
65;1;12216;10
25253;4;67952;1775
300;3;1937;7
210;2;51533;8
13623;5;929587;10218
63;1;601;2
2144;2;2998;8
47218;13;143318;8320
1062;3;12522;22
8762;2;900;7
463;2;94507;92
2123;5;72791;233
195;1;901;4
2508;24;124391;374
6656;7;6598;63
33458;5;36446;799
4347;1;13909;76
309;1;69;4
287;2;11693;4
185;2;9618;34
13009;3;23806;249
52420;5;11905;738
89;3;30882;30
57991;8;146535;7443
4466;2;12058;56
20683;12;366911;6111
15730;4;29630;375
73;1;645;10
928;6;78110;220
8377;2;9784;83
6864;6;6488;59
106;1;1673;4
1206;2;5924;19
46976;2;522;14
517;3;14815;13
2049;4;12300;38
788;10;13179;23
9929;8;114797;1534
640;2;12445;17
6115;2;7857;50
4367;15;1130820;4054
79;3;1537;4
414;7;10840;3
19435;4;3578;90
119350;4;1111;261
292;3;1802;15
1614;2;1238;8
493;3;15377;22
81;2;5167;7
545;4;8577;10
1181;4;18933;124
19251;2;4395;179
488;5;32947;24
6557;4;2426;31
5955;3;28648;151
11440;2;51577;661
0;6;8596;0
130;1;3893;8
204;2;356;8
1440;10;127294;305
14772;2;10447;180
7527;6;37595;163
18639;7;67160;1855
14168;5;8171;118
286;2;79531;35
18;3;3691;5
3720;8;22224;97
929;8;137758;195
176;1;19608;9
326;5;7342;4
1316;3;22309;186
2266;5;712;15
1773;4;10593;326
91551;14;98583;10760
9647;3;2077;33
355;2;17717;19
993;5;122049;126
175;1;9032;627
1228;1;5317;23
5363;1;2206;15
7046;14;57741;601
383;6;2785;92
1198;1;5246;14
5942;3;1636;13
30;1;361;2
6460;4;1340;32
23;3;6630;8
522;2;37611;109
38;4;1230;2
88;2;10132;1
930;7;376;2
4015;3;4094;18
2940;2;36256;104
1996;0;854;3
172;3;5227;3
2372;11;373617;572
5440;2;332;14
13793;2;3881;46
218;2;6688;11
20715;3;832;13
2394;2;2844;7
17564;1;1469;17
76;2;603;2
11867;1;898;16
5806;3;21740;235
674;5;9472;63
115;1;9728;4
8405;6;12826;158
342;1;890;8
5369;5;22785;149
159;3;34554;5
15455;8;13616;136
14506;2;9065;166
1;1;48;0
310;1;1137;24
1945;3;30086;69
363;3;81936;36
1272;5;59688;109
516;3;6874;6
339;8;27732;11
734;3;6952;4
2334;6;335557;430
1274;3;6707;17
8690;4;1684;26
43;1;762;7
383;3;18130;72
1;2;1297;0
1;2;77;2
8;2;40;2
1194;2;32;4
2375;4;10118;43
152;1;3451;2
134;3;1207;13
10393;22;240937;3520
537;3;5462;35
173;5;15195;3
452;2;36345;45
109;2;129;8
491;4;21270;21
399;7;160554;55
31;6;13969;3
3446;7;10670;74
9302;5;1116;16
683;10;215169;190
16;3;2412;3
210;3;50657;32
3407;4;8600;41
316;4;6897;5
2208;3;1888;13
264;5;30212;25
568;3;12411;31
7787;2;4082;45
350;1;8042;10
190;1;13895;6
8456;1;14867;190
5514;5;82246;488
148;2;553;8
2422;3;3064;9
83;2;2661;3
56;3;1386;8
897;3;16768;26
436;3;8951;59
312;3;10016;4
2207;2;3930;32
2965;1;3205;23
4328;5;8372;18
3699;1;810;7
646;1;9708;22
2000;2;5245;9
5308;3;7079;418
92;2;132;16
1869;3;65414;118
240;2;5028;1
5642;5;38182;184
0;1;5984;4
508;1;2271;11
1039;6;27766;49
1645;4;23296;50
693;1;12422;12
1466;3;15855;24
380;1;676;2
96;4;32559;18
1106;2;2410;12
2895;2;1745;10
4656;1;1948;16
832;3;6384;19
6894;2;31074;223
6269;3;8028;43
452;3;6519;34
3472;3;133123;439
2342;4;9324;32
2925;7;162546;360
3177;2;1109;3
465;3;10844;7
7523;3;24321;212
166;1;63;0
586;6;3644;6
605;5;885;5
2575;9;60008;180
2553;5;176949;472
43;2;72;0
1621;3;21093;30
63793;3;3162;160
270;8;20482;97
40;1;307;3
647;6;8803;7
3596;2;5549;49
2660;6;13191;43
698;6;47260;69
17095;7;21614;629
11039;2;12093;140
26;1;412;6
6633;5;28841;341
815;2;8951;7
2143;5;9409;25
153;5;17434;4
151;1;9844;31
5204;10;221346;877
1964;4;162911;472
46099;2;10470;189
3804;1;134133;691
38727;3;4151;254
784;11;620004;508
1874;5;91016;198
5982;2;23400;132
632;8;9049;22
1918;2;1037;12
10;2;337;3
1922;3;1688;6
135;2;7828;7
1754;4;29791;71
325;6;50227;22
347009;5;13786;4277
708;2;1871;18
431;2;1356;22
4607;10;7506;72
1534;1;7607;12
55;5;18582;8
3109;2;3934;18
1906;1;2345;13
376;3;2410;5
654;4;1401;17
6853;8;12014;97
1261;2;1068;1
2488;18;77693;158
24511;3;1412;32
979;4;5761;8
13;2;1024;22
90;4;876;0
153014;5;44668;2709
46;1;2866;4
7279;5;17600;94
6;4;2150;1
4553;1;64247;203
4076;8;112388;507
5970;8;115925;552
357;1;3826;71
2466;2;7017;31
9462;11;66936;592
1287;6;2242;14
427;4;9456;5
918;4;176027;145
1893;1;7313;82
170;3;52156;30
4636;2;28346;90
78;1;4497;2
12522;4;46866;576
242;11;213842;94
14771;9;17902;156
1256;5;9718;24
704;2;950;3
75465;2;1338;188
1247;1;329;0
32177;6;17540;299
53138;8;31502;826
5180;1;836;34
1563;5;26502;46
1712;2;4696;9
117917;2;3060;589
26633;9;192963;5506
163;2;3273;17
6115;4;894;5
313;2;39;1
1204;3;3046;172
11211;6;15648;117
2387;9;9853;29
225;2;4140;6
728;1;34531;201
8711;5;3886;53
890;1;2925;14
518;3;266112;115
937;7;12998;84
832;4;24708;76
0;3;73250;72
1060;2;618;2
1005;1;6357;8
1282;9;24654;247
1010;1;5524;9
129;3;7706;3
193;9;19971;10
627;2;7821;17
7594;3;11996;124
794;6;5135;24
4399;2;3847;19
1274;2;20053;51
323;3;56957;14
268;3;3317;10
5014;6;68924;410
9130;13;157262;1141
834;10;56970;71
4584;2;5391;27
1332;3;36415;44
313;3;67108;29
244;1;1672;10
163;5;35411;44
5376;1;14903;82
1689;4;1199;5
18946;3;4730;94
184;2;25034;23
706;4;12207;27
118;8;26318;25
170;2;11610;66
27741;8;205907;8009
681;2;464;9
1574;3;9752;17
28070;1;7260;171
2302;4;29875;114
14146;12;158716;3099
102;4;14029;6
6218;8;10731;84
102;1;14729;7
7788;1;6134;28
3851;8;72914;207
112;1;667;14
893;1;968;1
3603;3;6352;17
9647;1;4918;44
166;10;20701;18
45142;1;4444;273
595;4;1302;24
1602;15;19861;68
16408;2;804;15
313;4;20262;11
31;1;3396;16
12402;2;22934;247
0;4;37613;2
382;4;15393;37
26;1;189;4
80;1;535;1
55;3;597;6
0;4;3535;10
2698;1;781;4
976;2;27050;38
315;3;457;10
4063;1;8143;26
2267;7;55444;109
5890;3;23042;236
3893;1;202;4
1286;7;123451;246
846;2;21103;49
68;4;2888;7
663;2;5862;11
237680;3;4400;1052
1192;1;35584;41
103;1;2277;16
10808;3;2730;85
110;5;19801;22
1629;6;66257;199
11302;2;85010;1430
61;2;4742;8
2086;2;10561;81
3365;4;571;4
873;2;1089;11
21222;6;8708;100
14289;3;11045;139
1559;2;18343;39
3698;5;36535;264
85;2;11116;1
126054;1;34848;6629
564;3;2511;8
12651;1;282;12
122;1;11911;16
140;3;6676;40
1851;1;715;1
4113;3;25544;97
533;3;8932;7
1876;5;19246;69
164;1;255;7
375;1;1155;3
531;2;160933;114
515;7;11047;4
384;4;55771;28
986;6;159018;130
31;1;1540;8
6338;2;69;1
3516;6;66239;274
226;5;73626;24
62;2;5069;1
1173;11;109090;135
575;5;4922;37
2079;2;67796;242
5069;5;53072;160
1550;6;13146;30
5091;1;1884;6
58402;5;2003;152
1196;14;31271;102
1072;1;8214;9
3513;3;66343;348
12672;2;29991;200
1581;6;5991;99
995;4;22058;31
2244;5;37483;112
4512;40;144646;1153
302;4;3472;9
43;3;2928;5
791;1;44665;112
1273;5;15961;50
8766;3;15173;90
172;1;3858;3
920;2;42698;184
185;1;7751;4
4;0;821;2
12789;4;48528;797
482;1;5768;9
881;6;53875;52
1302;2;2879;8
1103;2;27355;32
2242;2;13773;39
9010;5;14018;112
1072;2;13215;14
168;2;2324;11
6526;6;304275;1452
140;3;63234;7
808;3;19882;53
301;4;1102;5
0;3;3341;5
13;2;752;7
6;2;3490;2
1706;3;35339;86
2849;9;31430;166
1938;2;1745;4
9682;2;5658;92
5379;1;1359;6
2604;2;3823;18
0;2;13467;6
1158;1;4387;13
807;3;5171;11
129;2;18647;37
69;8;4664;5
5225;11;243823;1702
922;10;15248;20
4131;1;1817;8
20693;11;130013;2060
0;2;34979;61
92;2;8405;18
3010;5;6443;49
1191;1;572;0
1389;2;704;5
18518;2;38185;545
1744;17;72914;411
509;1;17841;32
35;0;40;1
1045;2;7972;5
76;2;3204;2
1213;4;30708;82
671;8;106153;44
4171;2;23083;54
200;1;2727;6
1248;1;4642;12
0;3;29435;16
9876;2;23948;168
333;8;30010;14
2784;7;17814;35
47042;16;191758;16855
7071;6;123965;1046
1363;1;2885;4
130;2;36459;17
855;2;5907;9
3;2;84;0
1133;7;8603;18
101;3;6508;3
1033;2;2416;5
167;2;1293;3
345;5;20807;8
120;2;152;3
393;3;49233;49
15117;4;26726;394
1764;3;27693;65
14043;5;31652;310
18917;15;411065;8723
2089;6;74286;152
2870;3;8938;87
452;1;1531;40
1213;2;26185;47
696;2;30777;11
674;8;44773;35
2456;5;1228;23
21757;1;1009;19
36;2;1084;4
410;2;2699;1
2678;2;14450;58
4122;6;3727;21
495;3;5151;22
9924;1;387;12
26935;5;196543;8170
957;2;1688;1
886;3;34060;71
1857;12;72055;129
1956;3;5529;17
313;1;75;5
305;1;7600;58
46237;4;9093;591
2492;4;13891;32
29;9;41155;14
332;2;2425;1
548;1;2661;16
112;2;317;1
96;6;89626;24
723;2;9983;20
266;5;23618;24
8072;1;3106;32
789;7;25594;31
90;1;198;1
648;1;2130;6
48;2;33708;141
1017;4;10720;19
126;1;14831;83
8300;1;29950;239
7924;4;12520;89
320;2;7044;9
2761;4;25367;111
320;3;7878;11
4387;6;481;5
296;1;1340;6
2689;2;5215;31
13805;7;47007;415
23;2;6051;1
1393;2;18393;22
1745;5;13810;14
2962;6;6529;21
1425;3;4018;48
4862;4;1599;12
1299;5;17920;38
691;3;4529;23
63;4;8292;12
26;5;4195;7
56188;16;55022;2565
0;4;2844;2
575;2;188;8
2664;3;33738;114
656;2;13854;23
1673;12;1346;23
165;2;3307;0
8375;6;7600;64
50;2;867;0
944;3;6103;30
1253;4;20117;25
328;3;38589;58
1;3;6007;1
19756;2;20692;329
7347;1;1859;16
0;2;22258;20
1736;2;2844;41
15;3;11032;15
493;6;12738;9
2366;1;8489;36
645;1;33465;19
3589;6;30252;106
3347;4;31598;103
24900;6;9865;463
483;1;2640;1
8466;13;13254;194
1699;4;60708;157
287;5;51497;204
2187;4;121331;214
396;1;6071;9
160;0;328;6
5589;2;13162;88
306;1;10877;3
19089;4;5708;111
231;1;6415;4
75;3;1424;2
8867;10;56507;378
57;2;2148;1
131;1;16247;73
4503;1;1609;8
23;2;3169;12
492;1;22358;29
2949;2;4165;13
1655;1;775;8
43;2;1624;3
152;3;169;24
14168;1;19220;322
2464;2;8554;388
199;3;3958;5
13684;4;3671;48
561;16;94411;80
2062;4;12033;77
4823;1;3272;21
3296;1;4805;193
17;1;1102;2
25253;1;1190;49
5360;2;12278;56
9816;2;326;31
2552;2;4813;17
346;1;205;33
150;5;55719;31
6461;2;87001;565
519;3;27597;35
1897;5;21071;78
32662;13;1013890;38065
165;8;16863;319
67;1;2518;17
12112;4;4656;55
1818;10;119763;3221
135;1;93;4
1072;4;55208;63
272;6;60099;26
279;7;4243;8
15246;1;11634;198
2346;2;2511;20
2967;1;4279;14
11950;1;1296;23
1328;5;52712;58
796;3;4311;6
48;3;3017;9
0;5;14852;14
0;1;12166;3
1428;3;9116;14
608;3;15323;48
26561;3;5039;148
96;5;30344;155
931;2;10532;130
5055;6;16103;142
408;7;5385;14
32;2;1845;4
72;1;41288;18
17205;1;1405;68
7790;13;126094;1115
160;2;17899;10
1090;2;3120;9
42780;4;1586;77
6777;4;19143;177
3160;3;1669;10
369;4;27369;15
73196;12;63972;3577
2912;5;2803;5
2716;1;24687;44
154;14;34936;33
103721;2;2538;160
510;3;83;1
31;1;2881;6
178;2;21765;15
2377;1;2720;12
523;4;22500;31
5995;3;20723;91
191;2;13021;3
253;3;26402;8
11;1;692;2
3966;4;42682;214
77;3;2794;0
50;3;1042;6
415;7;57349;48
200;5;13152;15
5028;1;1725;23
11070;3;835;14
13219;1;880;18
32598;6;34073;733
30845;4;9794;256
1955;2;1048;13
1338;4;21381;30
998;3;4878;5
1065;3;5973;8
3038;3;4351;15
324;1;451;1
2093;5;32114;64
118;5;270;4
385;1;606;94
5865;10;48714;221
1147;8;62901;51
1368;4;26035;73
1045;1;4699;9
464;4;13038;31
2012;2;14299;28
832;8;45215;97
3659;2;2387;22
655;1;2345;1
135892;3;910;63
60731;1;9863;382
50;4;24784;6
443;2;1039;1
2729;1;351;0
74757;3;2846;114
888;1;14826;67
5848;18;121887;754
156;9;54589;103
15918;2;153;14
657;1;387;5
96;3;58151;232
727;1;15351;20
55854;6;46727;3189
0;2;54366;1
10686;1;5520;44
660;1;2553;11
1984;7;84591;287
656;3;15328;9
16;2;7656;0
5037;4;2011;22
992;1;16797;28
50424;8;104857;4072
76;2;345;1
2138;5;5881;9
7156;1;21299;142
4026;2;1886;20
1505;3;40514;129
2070;5;22451;131
553;4;22255;43
21308;2;5574;191
3527;4;6909;18
9321;2;2137;49
5204;5;14402;63
1003;2;1301;3
2912;2;2863;13
2874;5;12527;44
805;2;9564;12
13595;3;10695;314
3871;10;55556;272
3268;3;35573;108
91;6;34748;47
94;2;700;18
14298;4;2338;19
276;4;8823;184
1022;4;269533;674
12087;8;19418;209
2110;4;52124;106
2618;2;92235;213
6;1;392;2
606;8;273585;196
143;5;87957;264
484;1;1565;3
12221;7;26991;287
16525;4;4880;62
0;1;4000;2
188;3;2017;5
2235;1;2464;5
58284;1;168;18
98655;4;9380;1323
171;4;38854;7
127;2;5994;1
1819;10;28541;115
10218;2;10243;153
1047;1;3510;6
2329;1;20975;75
6896;27;243134;2436
426;11;199457;119
301;2;6955;3
300;2;3955;3
2529;6;3428;7
182;5;2584;4
4220;3;16665;134
6416;10;15727;220
6541;2;10073;53
3033;4;16581;48
0;1;6339;3
4535;12;59605;242
68;1;18606;25
8;2;840;4
5014;3;12759;56
122;2;506;10
39;1;323;1
8765;25;1208503;8297
8881;3;5638;38
1514;1;47;8
820;8;9562;6
320;2;88899;78
5340;4;2251;25
3291;4;2044;15
1815;2;1978;6
3364;6;37494;118
1063;2;9130;14
10175;6;38808;200
71440;4;1565;162
9515;1;17277;171
1806;4;11641;66
335;3;1021;2
4583;9;52451;208
907;6;9917;11
4059;8;6907;40
305;5;160299;209
709;3;3314;7
327041;8;79125;31762
489;2;8382;49
10703;5;36417;594
143;5;40847;5
1908;37;342889;914
45151;2;4559;132
940;7;70624;60
4122;3;54291;233
0;2;9153;85
16;4;320;4
91;1;1705;9
497;1;5868;27
8590;3;18115;251
346;5;21562;14
1662;4;14235;255
5119;1;2196;20
406;1;2325;7
3184;4;12386;40
8968;3;3766;38
15707;5;11838;187
101;4;10623;6
47;5;4933;94
3704;4;23104;63
980;8;24048;35
76;3;4696;4
130;4;13720;1
968;6;9435;7
1725;5;8620;30
18927;1;76806;1206
4977;2;593;9
5409;4;36537;217
144;2;881;13
304029;1;627;197
1949;13;25891;160
8025;6;29662;236
75462;1;387;36
6297;11;155010;739
9334;37;275054;3615
5832;1;4721;70
2493;11;247477;1137
149;4;3397;20
682;7;30672;22
564;6;78161;56
7429;5;63788;368
383;2;8961;7
2020;5;69587;218
238;5;35756;13
31;2;5143;7
2802;1;2280;35
547;9;77967;99
17914;14;313879;9298
5;2;51;1
9;1;243;25
6;3;31926;1
130;2;13098;9
11674;10;64287;928
3203;1;4724;31
518;1;1089;1
4127;9;20123;163
4696;13;150554;649
732;3;38046;149
8594;4;10101;76
939;2;3823;2
718;3;2177;5
602;3;18944;10
4379;3;15842;50
93;2;2396;9
2155;2;11643;58
1634;2;6992;31
2005;2;15347;41
469;1;4263;3
53;5;42587;5
1974;1;120;3
94;2;6321;4
0;1;4267;27
25139;3;1083;33
9111;6;53612;368
5659;4;61313;318
409;6;80433;43
1250;1;1528;177
1751;4;40340;126
38;2;1266;2
1343;3;2320;16
3967;2;3363;17
7845;11;101195;1432
292;5;20561;109
900;5;61842;78
993;2;27108;38
24061;3;1285;33
2629;4;4795;15
16651;5;6148;146
100;2;338;10
3052;2;1429;24
0;2;9747;13
197365;5;15632;5721
580;2;52131;49
1442;6;31779;81
160744;2;2221;643
4054;1;576;4
69;1;1135;6
55;1;4300;2
1160;4;24905;101
3184;2;6840;83
1999;2;17047;70
13826;2;6837;100
1955;1;908;4
5280;18;6913;72
87;2;8334;1
15834;1;6212;61
33542;3;711;30
62873;5;47140;2786
293;5;36215;1087
27332;6;62880;1332
3718;1;3182;24
3037;4;50220;152
3799;3;4324;19
14043;10;316760;6507
26;3;11318;0
183;2;3961;4
64;1;191;1
2083;2;2120;8
557;1;260;0
11415;7;122224;2489
24613;4;6850;100
1902;3;16655;112
41;1;88311;51
5002;3;12426;94
2460;3;260;3
1064;7;17416;16
1695;2;6745;11
3946;2;1318;22
102;5;5283;4
17368;2;9415;310
6;1;125;1
172;2;39047;10
477;3;6669;4
111;4;20393;14
2970;1;16720;42
3407;1;2687;18
1390;3;7288;10
85;2;5651;13
373;3;8417;13
120;1;13583;60
568;4;5291;45
95412;10;111957;18204
612;6;22584;94
24898;8;9065;207
2017;2;492;1
714;13;20904;16
1736;4;4885;86
2238;2;48431;164
140;12;40205;28
75720;9;35604;4044
0;6;14919;117
1788;4;60397;94
350;2;180;6
11936;2;6976;85
162134;1;762;107
760;2;21854;16
506;4;66311;38
1671;2;35160;31
2941;2;4952;20
157;3;6315;6
1115;5;15232;28
2467;1;2286;30
10647;3;32978;461
547;2;4502;5
762;8;48494;218
75;1;3432;0
2692;6;4176;22
8330;5;18615;123
4378;5;15092;63
66;1;3261;1
1304;3;5035;5
10844;8;53246;720
89140;3;11040;1164
3037;4;1715;7
1141;3;3342;9
3347;2;4918;32
1741;3;14093;45
1855;12;60701;186
148;6;40105;12
2543;3;3784;14
558;4;10852;73
1058;2;9557;10
11093;3;35826;202
10827;1;10675;194
156;2;36119;94
3659;3;21532;132
3144;3;13247;118
40;1;1407;59
1598;2;36005;101
3741;2;654;6
42;1;113;13
26963;2;9732;123
5249;3;237;2
25475;4;13519;437
7516;11;5830;50
464;11;24678;70
213;1;2006;6
38;5;105;4
55500;5;133166;7873
642;8;52759;46
4264;12;121929;373
1896;5;22688;81
1010;2;11526;18
11746;1;4027;64
551;3;7301;7
32864;8;30238;896
18836;2;7543;88
40;4;22620;49
22072;4;41684;1575
1651;20;194029;412
250;3;39594;43
2242;2;2625;5
1296;2;1870;33
127;4;3966;2
166;1;89734;34
1960;11;204721;416
1083;2;3453;7
0;4;11096;67
16;2;3584;15
106;5;6423;8
1439;2;40272;70
63;1;3013;15
17909;6;624;19
91541;5;124807;16931
18;1;558;5
37760;1;2955;66
902;1;352;4
27;2;12055;6
65156;2;1015;51
435;1;3906;19
148;3;10664;24
119;3;1651;48
3;1;152;1
2119;2;15018;60
399;6;6534;35
4265;2;4567;62
854;2;17185;8
13245;2;2207;44
652;1;34911;31
86;3;105910;12
1288;9;67815;60
15484;4;9823;148
5669;2;7270;36
811;2;62882;735
16029;4;6867;186
5923;3;26688;249
53;2;11863;30
164;2;108;6
1470;13;373831;557
3516;1;335;9
9694;8;38883;348
581;2;20920;16
33670;6;6215;286
4485;3;55080;300
406;2;4687;2
3662;5;17747;93
3198;10;36936;110
2818;1;2616;6
180;2;4735;9
194;4;63732;28
928;4;7288;64
7745;3;36600;280
488;5;5125;9
6940;14;408042;3704
3579;1;163;2
7254;4;38728;411
7287;1;550;10
976;2;8576;11
367;2;2060;18
612;1;873;23
1752;3;12693;70
279;5;1875;3
1216;3;11291;18
5951;1;4594;30
2977;1;882;3
1518;3;7295;18
11037;2;109737;1525
1557;3;20669;35
20027;4;3448;123
5335;1;1448;14
96;2;7726;2
40;3;27391;16
191;2;13020;54
39;1;2806;1
373;4;12308;10
1307;6;15009;31
1515;3;19167;41
87322;2;974;135
28963;7;130596;4510
343;8;38820;560
0;6;16486;28
29958;5;5943;219
1412;13;248012;373
1254;5;11670;45
132;1;426;10
20654;9;6856;177
18;1;1298;3
26;2;1568;1
1699;3;20037;95
786;3;57675;88
167;2;17548;18
3145;1;630;5
2062;3;776;3
130;1;11285;5
102;1;923;6
685;3;12164;8
59089;1;3321;245
3519;2;2363;35
715;1;468;7
6402;2;3988;46
197355;5;62203;10335
808;9;447;2
4667;2;488;11
253;0;591;7
8;1;6672;40
299;3;5701;2
1708;1;1080;4
2475;3;4487;15
10037;8;63639;668
0;24;684772;120
8318;3;4769;59
75;1;5470;6
166;1;428;6
637;4;27602;24
4702;3;100440;410
6603;1;27404;245
6624;7;96914;811
550;2;1855;2
12122;2;10938;205
4482;2;1956;18
337;4;599;13
8253;7;46619;319
13339;1;6508;98
41;2;7198;10
5515;5;47554;296
21936;4;30277;432
27;5;820;4
153;3;1188;3
17934;6;8287;151
4853;3;19812;60
1257;4;7967;89
2676;1;1519;6
9274;2;6139;90
551;5;2344;12
469;3;11087;5
763;1;13263;25
45;0;1739;3
1108;3;997;3
117;6;41737;15
7787;8;42381;220
440;3;10324;20
64;1;14428;1
1844;2;4400;6
5768;13;47129;761
486;2;88;1
193;1;5623;19
114;1;4153;2
400;10;254414;127
654;2;36723;37
18553;1;10620;155
1828;9;3889;7
418;2;10034;3
241;2;4362;7
15604;5;27610;629
319;1;9536;13
7064;2;95431;572
4760;2;77103;285
1292;4;23036;62
23641;5;54334;1390
40876;11;170494;3642
552;1;9645;30
67;2;3758;7
434;2;5064;2
2385;1;6663;18
2774;2;3817;11
17166;12;39606;486
6;1;364;1
0;4;8263;2
1095;2;147;3
144;2;21139;7
199;5;89541;330
188;1;1533;3
178;2;276;3
770;4;597;1
1;1;4558;2
3698;5;56767;304
29;1;282;38
1335;2;22880;47
4785;2;23326;99
545;2;14123;15
741;3;29469;58
550;3;25029;18
874;2;11418;16
139;2;9116;3
51;6;35903;1
2370;2;2820;8
83;2;70075;7
2945;1;2544;7
4826;11;79651;534
200;4;6637;9
1870;2;10625;20
46;4;7318;3
5577;6;18111;62
120;6;13347;3
740;8;29952;18
506;2;14352;9
331;2;7688;30
115;2;115;13
27;1;3374;10
11050;8;38494;426
687;1;75563;58
24515;2;47484;1590
2020;3;22294;60
539;4;7107;10
158;1;627;0
480;5;3313;6
1063;10;436332;320
3544;2;1346;59
884;8;6865;30
10713;1;3217;38
83;8;13623;2
39;1;3072;18
772;3;4927;7
208;1;3318;5
624;3;4155;4
10520;2;3896;90
239;4;4237;6
223;5;35828;72
35;2;2433;2
666;1;430;4
25253;5;58278;973
701;5;16215;16
501;4;17772;6
628;1;1110;4
1587;4;25818;65
5646;3;7559;61
3523;3;901;15
48746;2;214;20
545;2;3552;2
54;2;132;4
6454;2;14426;163
59;1;1474;1
3798;2;59;3
277;1;7014;27
749;2;621;0
478;5;6243;23
3829;12;200299;737
14756;3;9449;110
1346;3;70539;110
1848;1;2745;8
1353;3;8557;20
72;2;6229;8
128;1;62363;17
18591;4;12879;199
3788;10;22075;124
143;3;4488;9
6148;1;1399;14
1208;3;2431;9
21369;3;6732;112
579;1;612;2
40663;4;6313;246
2065;1;2650;6
2578;1;727;10
9266;9;45088;553
0;7;32397;19
439;3;13550;81
162;2;2078;1
6552;6;21558;159
4413;4;7770;35
782;2;3130;5
2613;4;28162;84
145;2;13029;16
5431;6;24437;245
1425;4;62819;81
6152;10;65075;465
853;7;61145;43
4787;3;12666;79
115;2;5246;4
2156;1;485;3
2450;2;24778;68
352;10;30204;19
2404;4;2589;7
2356;5;13973;80
18649;4;1164;22
4720;5;72718;371
296;4;62060;44
321;3;7481;6
127;5;18094;17
83;3;1748;1
508;3;10961;16
0;6;19390;2
1087;2;39907;46
335;5;58632;67
0;1;7922;15
142;3;7170;3
5993;3;23001;247
3456;7;19378;117
403;2;14887;8
4178;4;22837;75
804;4;6363;12
81;2;5303;17
388;3;15225;46
87;1;4802;6
962;2;8075;16
1491;2;11365;16
9525;3;10543;253
582;2;5943;5
72;3;3558;12
3694;2;11940;79
1571;3;2620;6
11310;5;21270;389
298;3;587;33
576;2;2179;38
132;1;551;8
27130;1;1454;70
985;2;3485;6
486;18;127991;157
22098;2;27759;243
27;1;991;2
134;5;16797;8
1379;6;74706;153
3458;12;78165;1222
1981;9;23897;73
306;4;14909;15
998;2;13394;26
516;2;7779;8
968;1;4002;20
325;8;142569;56
6557;1;11740;102
1148;3;2685;6
16;3;1978;4
836;2;2302;1
60;1;422;66
62;1;124;22
8030;2;37;0
6890;2;887;19
3104;2;2994;46
19;3;4834;5
1346;3;23987;232
8;1;1587;1
33;1;659;1
699;1;1536;6
836;3;134878;134
206;3;9153;55
6148;1;14479;118
1175;3;9381;31
272;3;1431;1
7405;2;4959;68
5452;3;2963;52
614;2;667;9
0;1;2580;4
11581;13;50707;549
1565;2;15817;29
301;8;34427;61
4338;1;2715;8
2687;6;11824;49
11520;6;914;18
301057;2;3124;468
778;2;1739;1
3855;4;30271;74
14165;6;10410;281
468;4;6598;10
443;3;27658;8
2735;4;28757;113
1574;3;19111;34
621;5;7429;6
3179;2;5141;35
6523;1;5422;47
513;2;16021;16
249097;1;2634;590
316;5;6796;6
45;3;968;4
777;1;1270;14
5;4;55;1
46;4;60611;30
169;1;1915;11
1692;12;13346;109
271;1;1373;8
16;2;545;1
38;2;3023;29
587;5;47477;31
754;1;359;4
113123;1;168;24
1411;8;99970;139
66;1;4826;85
4185;11;211969;747
927;7;96169;115
8901;4;23623;120
21368;2;1484;38
4135;6;119435;724
38711;6;19297;998
167;8;95782;87
30420;4;30919;484
5786;6;63371;230
301;1;18611;13
126;2;2970;2
110;1;5097;3
5088;5;10260;64
1660;2;1129;14
5238;13;184341;1051
238;2;3746;0
452;1;844;4
88;1;17755;1
1693;2;20039;26
65156;5;46072;3821
693;2;4169;3
39;4;3028;8
1132;4;1855;2
5525;1;13064;119
2537;4;7038;24
5696;2;8680;55
834;3;10854;23
4682;3;31840;74
909;1;263;2
648;3;23959;19
194;0;827;1
3523;8;23021;114
1220;2;54836;81
579;3;14570;8
22300;5;6531;76
699;3;28433;64
11028;4;22576;144
398;1;31035;19
2423;10;26401;93
432;1;73429;21
512348;6;963;778
350;2;720;4
1295;3;962;12
41;4;4460;4
4159;1;4516;31
28192;6;7587;218
59089;2;809;39
2682;1;609;3
993;4;5570;40
596;2;169;8
3748;6;14212;51
0;1;690;21
8590;4;23556;199
631;1;290;9
4410;5;14822;134
784;1;268;1
618;9;29683;39
20;2;844;13
621;2;5694;23
1132;1;14057;37
2548;5;9206;39
3212;1;13763;53
135;4;9188;6
338;6;5166;8
48;3;16296;3
2465;2;2392;53
14923;5;287761;4987
3704;1;917;3
24071;2;1702;42
8454;3;23305;151
2450;3;5650;41
639;5;23098;13
4210;6;31865;187
4168;5;46505;220
26;5;3107;19
663;2;740;193
4088;5;5678;33
0;3;2050;4
108;3;5224;116
915;2;6523;42
313;1;10590;38
6471;8;27026;176
30;3;4115;6
7687;10;17092;135
6083;3;10437;123
6059;8;29751;337
90;1;6329;3
1973;2;20388;58
527;2;1852;1
156;2;11218;15
18318;2;13232;397
597;5;78468;51
865;3;4474;36
246;1;638;0
3669;1;151;2
17559;4;2667;38
10171;2;4862;48
24394;2;16246;529
47042;16;191749;10430
566;2;1975;6
1362;2;55741;137
8391;1;10224;118
8497;5;40093;278
1584;3;18535;68
249;1;88176;21
1144;5;9908;14
110;2;3766;1
12295;3;2336;23
3601;5;71851;495
2650;4;16726;84
955;11;150532;880
13965;2;9179;165
121;1;1538;15
0;2;9003;2
463;4;7776;12
0;8;18552;16
42121;5;14312;590
7071;5;13338;159
197;2;37482;7
6516;3;2214;19
1624;8;436155;912
110;2;10726;206
49281;4;1283;53
4274;8;57480;520
3733;2;8568;36
1228;5;71153;164
561;7;15587;4
15802;22;69509;1334
998;2;4199;17
39822;1;491;19
743;5;15529;106
1244;2;27158;49
22025;3;2271;45
202;13;71332;19
15013;4;3757;58
891;5;54632;47
2387;6;112747;135
387;0;584;1
1123;14;129887;139
7179;4;49537;186
3460;3;25956;72
11336;4;3202;28
591;2;579;2
145;0;2811;2
20;2;3414;1
121;3;2903;1
73;4;17481;0
1299;1;244;1
5215;8;26193;194
25;1;5221;9
280;5;21639;9
14;2;760;9
56;1;22814;9
125;4;14772;26
4451;7;25542;119
31;0;972;1
33;2;1636;190
600;6;115768;131
796;5;13574;27
14;1;1009;5
1191;6;14094;33
701;2;6803;16
1959;3;12426;90
3723;2;3379;12
645;5;46777;364
1082;1;6116;30
16;6;21417;5
16188;12;116637;1182
1114;1;1457;3
827;2;41996;39
85;3;3883;6
1522;4;12873;27
422;5;88273;85
74;4;21734;5
7026;8;5426;41
1293;1;6887;16
6263;4;4820;26
1854;1;4964;44
16507;3;1754;54
5280;3;93012;710
48;1;8966;3
330;2;6876;20
975;1;7752;14
1725;6;22760;279
59089;5;48262;2933
1964;9;1594;2
1249;7;17591;50
94628;3;1759;243
66;3;19843;14
6097;4;4725;32
50027;4;22076;893
3536;17;187204;450
1294;1;23159;29
13;3;1304;4
1022;8;14918;25
1076;6;12256;46
1048;1;1924;6
3402;21;638984;2110
108;3;14463;21
241;24;272196;65
1555;15;435373;430
72662;3;171;22
13;3;2753;0
279;2;4124;59
704;1;390;3
6783;2;31852;172
4020;5;98245;633
48;2;2110;3
133;4;15046;3
310;4;255608;95
438;1;9512;23
2175;7;21831;88
760;3;3639;11
44;1;1206;9
683;10;107776;156
1998;4;34350;36
2298;5;24367;70
719;8;84077;155
3;1;1007;2
344;4;17116;15
18;3;1704;3
37;2;3988;6
1099;1;4528;47
19243;3;16053;336
7417;4;112542;753
57;1;804;12
30977;1;475;26
55500;4;10218;335
26;4;9804;0
641;6;8027;5
7371;4;10259;67
6829;4;17474;117
8319;1;3824;41
1021;3;13757;25
9775;5;9863;124
2798;2;1560;57
708;13;37456;84
78;4;3720;6
2072;5;6150;26
148;6;4587;1
17328;9;101092;1614
6186;5;201012;1036
2080;4;49672;155
14641;2;499;9
386;2;4794;4
1853;2;1745;3
1140;11;261886;742
152;4;12527;13
1219;7;26057;54
2080;8;60274;113
110;3;57186;12
55;1;1278;7
795;1;12082;11
278;3;5493;22
434;2;7627;7
116;1;3796;3
4284;3;18106;114
9337;2;15462;88
13854;1;5105;85
61;4;9242;10
104158;4;2403;211
126;5;97;3
1019;1;61061;137
38;1;2455;10
451;5;34696;11
12017;1;6088;84
38596;5;3190;131
246;1;5735;15
18836;6;70126;1032
171;3;40179;18
1019;3;8829;13
1232;2;6451;25
1938;5;12501;25
363;3;7247;15
11;1;194;10
1031;3;6497;23
476;5;19074;22
193;6;43122;10
12086;5;9911;144
16653;11;48599;760
862;3;4238;9
1840;6;197090;428
803;3;57305;46
1653;7;5676;6
1827;1;1616;3
12086;1;5411;64
670;1;2313;14
1222;23;312367;603
271;11;16931;31
87;1;2142;3
396;6;55462;33
153;9;29365;177
60731;3;16814;1331
108;0;532;6
180;2;6907;3
806;2;8738;23
723;1;1104;4
3762;1;1735;16
60;4;46478;15
10036;4;13275;123
10843;2;79;3
7804;2;1652;12
2197;6;30022;61
662;2;17007;11
2650;3;3716;34
762;1;3996;17
2403;1;3901;27
3562;3;4763;145
0;4;4832;4
5024;3;11310;81
439;1;5234;9
201;5;16570;34
17123;1;2799;39
314;2;7033;107
8436;3;38110;409
365;1;6322;38
108;1;791;13
2482;3;9774;31
36;2;6185;9
4475;4;17185;83
64;2;203;0
928;3;6821;6
411;1;1543;4
297;9;77478;31
719;5;293168;211
17287;9;7558;208
417;2;435;2
1339;1;18250;28
2427;2;38395;67
48572;6;31053;1431
307;3;1428;2
2499;6;107850;327
8618;2;9216;113
336;2;2323;6
924;4;20460;15
1043;15;103821;97
17880;5;16583;522
939;1;414;6
132266;3;3910;766
777;2;3314;8
1219;4;6880;7
778;6;17657;86
893;1;990;2
673;3;1356;30
0;12;160912;0
5752;3;10245;61
34;1;3804;5
21;2;442;3
9657;15;166754;2165
458;2;20092;39
583;4;46975;71
929;8;208084;348
27;1;293;2
5323;2;8043;67
1577;1;93;24
234;2;16172;4
51;2;13542;20
4502;4;2697;12
7173;6;6265;56
392;4;4138;7
8;3;4987;5
95;3;8389;2
1414;3;25161;29
1469;7;11546;53
1106;3;27602;45
150;3;4697;47
3185;5;10319;40
40;1;1631;4
539;2;1289;3
15348;3;12661;194
135;4;51;5
1311;8;32188;47
1360;3;6162;13
16320;4;22516;333
5363;3;999;97
20191;7;28775;849
125149;3;963;204
10393;5;2678;36
1406;3;11694;36
2744;8;64835;324
35948;1;42362;1202
347;2;1489;7
7221;1;885;21
2101;1;132;9
5573;8;91537;813
97;5;35620;6
21398;4;38756;835
4642;2;7246;53
5;1;1962;4
18;1;121;16
14320;1;1207;16
354;3;1231;6
401;0;741;0
2620;6;8816;40
2082;1;1704;8
3108;6;4999;22
956;23;126992;204
7123;2;7843;84
1719;2;2584;21
1278;6;22658;22
8080;7;58901;839
4980;2;29745;221
724;5;2883;25
7591;5;217778;1892
63;1;8184;9
52;1;4834;7
1292;5;13087;22
0;4;4225;13
7368;2;35147;155
164;5;44308;86
411;3;21477;48
931;2;659;1
487;3;610;2
342;1;6402;7
18659;7;64625;750
51;2;12386;12
4561;4;5333;43
3753;3;48568;181
27476;5;6784;197
6;2;158;1
2522;4;13251;26
0;3;16578;17
1914;4;4924;24
1370;3;29277;53
176;8;56949;13
1731;4;13430;40
95;2;129;3
651;2;50340;50
46;1;903;4
0;8;63118;32
55505;4;30033;3021
217;5;2479;4
2582;4;9430;60
195;3;8673;4
38;3;74;2
19;3;9473;1
22743;2;16026;546
25862;5;4018;100
1466;6;15674;27
68;2;19649;92
18659;1;19442;278
293;1;4230;4
2669;3;95620;195
0;1;857;2
3014;4;29798;71
5914;3;1565;6
306;1;2567;13
4045;4;9892;38
21011;4;15906;463
3270;2;7973;32
120;3;4036;1
571;4;67901;25
7291;5;31274;413
664;3;8008;8
90;6;15428;2
22733;2;8006;129
2012;3;7288;24
194;2;5648;6
1887;5;18682;23
5852;2;17078;122
1533;2;10066;46
3446;11;64530;147
367;7;179089;113
13354;3;1465;195
117;2;18056;36
1258;3;13896;15
95;4;5820;39
7;3;11754;3
76725;3;45629;5420
21;2;4322;14
21544;2;176;14
1432;4;61732;109
19185;13;117861;4071
1037;2;83982;80
329;4;9775;5
8005;6;34068;495
56;1;5342;1
38;1;310;0
3;1;1286;1
41711;1;259;20
289;7;24162;4
1400;3;3331;10
4378;4;50709;175
11;0;512;3
6036;4;16870;118
180;1;885;4
36;2;2352;1
4185;8;101256;400
2332;6;142472;1352
119;3;14887;13
366;3;26378;11
237680;4;52603;20995
1769;4;8743;17
11;2;3571;3
120754;4;1294;251
4501;1;3045;15
20;1;679;10
33686;4;41411;1495
3557;6;15384;49
1277;6;9736;33
81068;2;1374;105
3476;1;770;6
2754;2;19907;66
5557;5;81435;670
2217;2;7007;20
4746;4;5313;250
22914;4;19342;754
1187;3;13095;17
187;1;93;4
88;2;458;1
212;0;288;9
34;2;541;1
563;5;2589;1
55703;3;3215;201
805;1;22;2
200;1;19972;36
309;2;10881;7
12445;2;5360;64
236;4;41341;41
130;3;2113;7
1143;4;1964;9
386;1;21594;38
31;2;1512;6
12230;2;198;14
4917;3;18040;150
21;3;1736;6
13;1;1360;2
4796;4;232778;1351
460;1;20023;37
1032;3;5950;14
1354;4;29423;57
60;2;624;8
73196;4;20851;997
15977;6;31565;573
1216;1;757;3
738;3;35654;32
20368;7;2941;31
21180;4;6271;201
3998;3;46562;146
1736;2;2638;7
24112;2;12406;318
393;3;7400;24
1258;4;3577;11
5337;1;3421;32
198;2;598;4
197;3;11509;8
123;1;286;6
5482;2;13767;61
1708;2;4591;25
131;2;2550;2
33552;5;11530;384
3005;13;140219;341
1712;3;2172;38
59;3;7667;7
1132;5;20237;15
3975;5;59423;636
79;3;16477;5
4196;2;1932;15
2475;13;38282;104
4935;3;1959;9
22650;7;45443;1351
959;7;53101;26
371;2;1636;6
5;3;860;308
904;2;8078;7
27;3;3294;7
2212;1;911;6
6559;1;14546;160
662;1;12942;14
437;2;4219;11
16378;5;24403;264
13961;2;32902;687
38313;6;23975;925
3982;7;36905;154
2561;3;3000;15
1148;3;1884;5
287;2;5342;2
289;2;4115;105
5514;2;5100;30
236;14;95742;156
22;1;131;6
3177;3;64354;214
513;6;3808;4
372;5;28547;18
8711;8;203620;1749
7611;9;9378;158
2043;2;178019;406
150;6;42478;48
160;3;68367;23
3451;6;12673;49
7689;6;16857;93
1700;3;2342;3
3902;3;5843;132
18182;3;12511;158
601;4;23729;27
1542;2;5466;21
10757;5;51558;622
28368;2;4378;100
326;1;1410;7
1864;2;6703;21
2543;10;26772;61
242;2;163;0
1208;4;2382;14
13307;5;223242;4766
758;8;34005;31
0;6;7586;5
4683;2;600;9
10218;4;7382;201
88;1;15064;12
23799;13;264251;11082
17;2;150;0
1101;6;32746;43
1113;5;7950;20
575;5;54985;57
7266;10;4584;16
6370;2;29032;147
3283;3;19421;112
100437;1;193;37
20782;2;13681;406
1043;1;8711;14
55;2;3004;4
25;3;44449;2
228;1;5307;19
18;3;22754;4
380;12;48511;14
939;12;229157;235
143;3;14300;83
71965;4;599;35
953;9;31801;38
1007;2;2552;3
939;4;18080;46
50;1;652;25
5973;4;6661;49
2127;8;85322;334
4100;4;21957;79
12402;2;2035;39
7087;6;136774;832
45140;13;49462;2112
74;4;106959;51
1258;4;6707;5
7677;3;8449;55
1871;9;630359;1434
1596;3;15413;14
452;1;6088;11
30;1;3824;7
120;6;42585;19
8;1;536;1
17537;15;13387;277
383;5;29388;29
2003;5;5737;12
2295;1;15845;35
1051;2;50309;63
252;3;3014;15
185;2;119786;297
144;1;1373;3
95;4;13496;8
3025;5;14625;75
1392;2;21031;152
387;6;19746;17
17564;5;84940;1887
2569;6;21518;100
671;2;4750;16
312;5;53967;37
1402;3;12594;29
440;5;57723;33
3207;6;18389;64
98969;6;3005;403
533;1;4314;7
93;4;2667;12
157;1;7936;7
2101;3;67597;193
51304;8;11981;735
25031;7;89142;3302
89150;11;22722;1648
33256;12;17185;556
398;3;2295;2
70;3;1493;2
1237;2;620;11
161;1;553;3
19285;2;755;22
1550;6;16010;37
1392;7;21460;31
26;2;18326;8
55;3;3157;1
33569;6;65984;2791
11218;6;92220;686
3620;1;30104;113
1105;1;395;0
791;2;79867;59
10595;2;14964;157
42903;2;16583;451
112;1;1175;4
20392;3;14124;240
10674;2;5413;38
4849;4;7934;79
3750;4;16665;78
5896;3;17749;132
636;4;21187;26
1982;2;381;22
503;1;834;6
3544;2;8847;36
277;4;33280;38
135;1;1330;22
815;10;28924;69
65112;3;1065;104
1387;4;29482;45
10;6;79;0
326;3;2316;7
2226;3;13911;27
19888;4;1972;61
1788;3;11107;22
10549;2;11480;90
2772;1;4439;19
327041;4;2409;590
315;5;63501;26
2887;1;7403;45
2438;3;16268;44
25;2;10496;1
5538;5;1629;23
3993;2;4554;27
7501;2;7150;75
1231;1;2193;13
14043;5;15393;140
1889;2;31420;134
4398;3;5051;32
8066;5;8696;109
647;2;11525;17
16150;2;2240;44
431;5;8668;63
404;4;7943;12
569;3;6258;7
141;2;660;20
94;2;237;1
6257;2;7145;37
218;2;1451;8
105;6;20071;21
524;4;15966;14
1118;3;23909;49
622;2;8108;11
133;2;1728;3
303;1;5265;9
3774;1;2124;17
417;3;9912;27
76;1;917;4
21196;2;17843;450
0;2;42269;15
4585;5;14674;121
20;1;69;2
108821;50;794440;109089
2816;2;7916;63
192;3;9016;5
1051;2;843;9
2766;2;191;2
226;4;25611;37
5171;1;13883;109
32645;5;22303;1412
20392;5;11227;200
0;8;35960;53
279;2;52976;20
3284;7;45088;114
9412;1;42931;385
130;3;7111;3
767;6;5044;11
4607;10;7507;36
13120;2;4065;62
33318;1;1036;33
755;2;5141;13
21;3;8281;6
168;2;1936;14
310;1;295;4
2557;1;2969;8
77;1;2276;8
810;6;124391;193
5125;8;94647;550
584;7;195911;186
4601;1;6423;21
1334;2;1431;4
870;9;42904;80
3656;1;1439;11
7;2;170;1
3513;5;35631;139
18;2;584;1
1250;3;2201;15
614;2;12349;15
2790;3;11812;66
6639;3;16178;61
38225;8;29183;815
8469;3;3224;29
17315;1;2074;33
381;6;4688;4
4670;5;35056;204
71;1;1031;4
28;3;346;1
1011;2;3336;5
5686;2;7073;63
4424;4;3027;31
2695;1;1093;3
1466;2;24082;54
1042;9;35109;94
96;2;416;0
178;2;1448;2
56786;5;21753;1800
26;2;2538;5
6853;7;179539;1103
1853;5;1780;5
115;5;8274;2
186;4;5650;19
60284;3;5880;495
339;2;17281;5
4070;1;3695;14
12093;4;3923;103
3832;1;7733;38
7946;1;7097;81
510;2;10957;54
368;10;51744;83
47635;7;74179;4596
5891;6;36583;216
2102;6;23020;50
3964;8;73036;307
1034;4;56767;31
676;3;1750;3
273;2;5657;12
11752;16;80679;1780
351;3;11186;6
336;4;2855;20
44;2;79;91
124;2;24590;10
824;13;69265;278
98;3;17633;10
9056;1;501;6
56;1;999;6
182;2;13265;214
48081;3;3890;168
10945;3;42876;588
1375;9;245282;569
32;3;36;4
18498;3;21077;458
29552;2;2532;66
34077;11;284245;10410
1978;3;1301;8
4965;3;4910;29
2828;1;1588;12
32;1;1952;0
547;2;621;1
441;2;5550;10
653;4;8099;7
6;2;1079;1
1934;4;6359;19
3561;1;38352;232
3090;4;19198;93
1279;1;66;21
784;5;52131;33
78;3;12753;13
114;7;12008;6
2989;5;16223;66
11;1;3617;4
305;3;2581;12
2435;1;1186;3
0;7;69530;34
74;1;7200;48
8;3;2653;1
3854;5;40747;219
75;1;1692;23
479;1;4794;34
704;5;18048;29
4571;3;2275;16
5132;2;5934;20
964;4;50831;109
1014;3;591;41
2890;1;2906;21
6506;1;13368;100
4550;1;2888;12
2135;2;1892;24
36;3;7136;19
949;1;1605;4
21300;4;982;25
325;1;10480;2
42;1;283;1
5986;3;358;4
199;3;354;13
2133;2;50727;174
607;6;7267;16
53227;3;3384;151
82333;3;45715;3267
153;4;4904;8
497;2;161;3
736;2;100;21
444;2;9918;52
1224;34;481916;703
6893;1;14505;126
4275;3;15897;141
279;7;30470;96
56;5;5577;8
527;3;29640;34
5696;1;2024;25
659;10;27583;43
225;5;27744;5
2289;2;3085;5
8828;2;37365;424
568;4;15162;18
66;5;10647;38
3124;3;16954;73
7265;3;19411;175
13324;12;164093;3325
28511;3;11670;220
93;7;10007;8
10658;43;225623;2391
2269;4;35524;67
15;1;6612;8
65;3;869;43
868;1;6741;10
77;3;5715;6
732;3;7971;5
12;1;535;1
7149;4;5748;56
2640;4;11719;35
966;3;6152;26
26382;4;2881;74
568;1;3839;22
2199;2;899;6
20715;4;417;15
3803;6;28730;109
559;2;85141;47
15572;1;1473;23
2703;1;2543;78
2910;7;2942;14
0;4;11295;18
146;2;1942;6
151;3;46962;5
11867;2;25333;317
702;7;165554;535
986;1;42492;411
2721;6;3241;16
1378;1;637;2
423;3;76483;127
158;3;848;251
9801;2;565;54
145;2;16831;4
22871;5;14587;589
57;3;4694;12
70;2;15400;10
1899;6;32428;81
7676;3;21526;156
562;0;1591;1
372;3;5579;26
25655;6;3930;142
701;3;19945;20
13702;6;147324;1145
2223;5;90369;1041
703;2;4623;13
78;2;36329;20
2192;8;12247;81
38;3;6835;3
1013;2;13802;28
4538;2;59926;202
180;2;1605;2
969;2;91780;111
31;2;2677;70
6521;3;25773;185
15914;11;96238;1316
7551;2;1413;13
2062;1;1173;4
655;3;11625;14
11267;2;1787;37
378;4;1090;0
2859;1;3088;10
102;5;2415;1
975;5;16608;162
2289;5;21130;75
170;3;5540;3
19969;14;11545;241
3929;3;38561;112
1947;2;6469;35
115;1;4665;5
5500;1;383;3
111;6;16811;10
394;2;25223;41
71;4;24125;35
21390;1;11548;344
3006;3;155;5
5077;3;168871;397
11606;16;14709;198
3213;2;1460;5
10293;6;16932;437
1832;3;83349;369
8583;5;4693;112
596;3;4604;8
5946;2;15958;137
1939;2;18127;311
3794;2;12563;68
63;3;530;96
43;1;12239;0
869;1;992;3
2273;1;3117;4
759;10;99009;78
1215;1;3185;7
3928;2;136;3
9398;3;12884;200
121;4;40115;49
133;3;2527;43
981;2;4904;23
1151;12;98893;134
45;1;1070;3
1872;5;17359;30
1508;7;9194;21
1155;2;6849;65
177;2;974;25
542;1;367;11
8583;7;3865;65
2913;4;9309;27
300;1;22542;15
0;6;157553;364
725;1;3908;5
136;6;117625;26
6084;13;67307;344
23;4;9049;11
11116;8;52013;667
3040;7;13222;33
1469;2;4168;16
2194;1;7865;44
6612;1;1820;10
1152;2;20459;25
368;7;12496;7
0;2;26243;20
327;2;737;8
3954;1;42316;335
33761;6;31172;1738
10319;7;65497;740
21314;3;2415;46
488;2;611;17
1259;1;312;7
64;2;209;8
0;2;12406;9
514;4;6613;14
772;6;7158;9
8771;8;11390;86
10730;1;1140;20
740;2;1999;191
4988;4;2005;7
15378;9;22575;266
0;8;140582;48
21898;14;126994;2777
2646;1;22303;57
402;5;14623;28
3535;7;54416;203
83;1;68;0
156;1;2567;7
2587;5;3721;28
6;2;131;0
10159;10;149840;1609
673;1;6560;17
312;5;53970;14
112546;5;9183;1563
345;1;150;5
151;2;18924;3
0;23;349469;3
1507;3;4854;10
715;1;935;0
905;1;633;2
51;1;385;2
3441;3;8758;27
1203;6;9497;59
9882;1;2637;35
0;4;2623;7
12082;7;5188;135
2129;3;5090;8
8871;3;37928;379
54;3;157;4
34369;4;2511;70
6872;7;15351;126
490;2;43105;36
36;3;5735;51
6;1;3849;23
4655;2;4542;35
147;2;16831;42
1087;3;71352;79
1294;2;29391;34
323;1;900;3
9525;5;12857;199
1108;2;5090;13
272;8;74231;39
446;3;73718;39
2537;3;7093;69
149;9;14837;3
3430;3;4936;29
99;1;3480;21
57;2;69;0
1603;2;4431;10
3929;4;37885;219
3376;1;1657;6
1543;2;61;1
4595;2;23175;98
30493;2;33929;926
8709;6;1820;11
300;7;20788;61
65;2;23532;18
26992;3;59088;799
1324;7;14881;31
568;6;42985;71
34584;4;452;19
3307;4;32855;176
5022;10;19457;144
2950;2;14806;100
1068;2;11123;20
22285;19;298320;8371
2946;9;96327;213
2551;1;6823;16
57;1;839;18
8590;3;10017;135
15474;7;120795;1719
1608;20;128923;169
7109;6;20992;230
760;3;7157;9
443;4;10492;7
171;12;11811;79
323;1;976;0
22;2;105;34
491;4;5603;20
0;2;241;7
1323;4;1062;18
579;4;27796;27
610;2;3350;5
202;7;14946;23
1914;5;240;12
564;6;8165;5
198;1;136;4
405;1;592;3
26963;14;354793;16991
86413;6;13502;1320
54826;1;3160;220
2475;3;46027;111
1647;3;49657;91
15168;3;852;14
20671;5;30421;770
7174;2;552;5
63;1;2032;0
891;3;5128;8
1454;1;674;4
27502;5;9490;395
14502;4;12105;187
27;3;8153;2
614;5;12570;5
2656;4;23981;45
711;5;37605;25
4168;7;32641;165
67923;2;8587;430
65160;4;21331;1928
3;1;1225;1
702;1;10022;7
23070;2;154;7
1440;1;18040;19
653;2;4320;3
26;2;1212;3
18586;2;4482;111
31;5;37276;2
56;1;19165;5
3075;5;124719;231
721;4;108550;117
68;2;6930;9
1509;3;12574;19
0;4;6554;0
6889;11;386141;4894
7371;1;26244;184
231;1;50516;12
4203;7;2104;17
429;1;1599;7
151;1;2015;4
1453;5;24010;52
0;4;30844;23
19808;11;124887;2575
12044;12;189728;3742
13563;11;357115;6749
391;0;346;5
622;1;2953;4
9027;14;97059;863
22072;3;11723;229
1413;1;427;2
68;3;76641;18
364;4;9996;5
3885;2;13521;129
1482;5;18306;37
862;5;8766;48
677;2;3812;6
3677;1;666;2
9291;14;237504;3271
31;2;6893;7
68;3;57;0
1982;2;309;21
555;4;7485;51
68208;4;1920;85
60;2;1531;14
9977;5;90950;1059
214;2;3226;0
1091;3;12694;46
75;3;16081;10
21783;6;21543;806
168;2;6509;12
16;1;798;12
10647;3;10601;220
3682;6;30586;93
18571;1;32548;825
33;1;2719;1
13161;7;679;18
111;1;3107;0
1405;3;43885;164
6885;2;12131;113
5821;2;19082;122
6;2;933;2
9649;6;63370;1121
4512;5;5112;27
712;2;4857;9
888;3;33772;29
2933;7;162655;837
3929;9;36614;263
9680;1;1163;18
55;2;2667;0
630;1;5447;7
1051;4;14919;89
6744;4;11672;59
364;4;72968;150
3778;3;2706;10
82065;5;1500;106
527;1;352;380
2854;4;1739;11
574;1;10010;15
89;3;849;1
11985;3;11111;129
848;2;2879;1
8980;1;3463;48
71;3;3676;36
97114;2;2079;212
11407;11;108717;1433
137;2;7722;15
2734;12;25224;106
5353;3;13512;88
73;1;3789;3
5180;3;4025;24
3799;1;4662;26
7584;6;23514;135
2199;2;2556;21
18828;7;89554;1502
875;4;68047;64
59089;3;23964;1530
75;1;3418;102
346;4;15560;10
3288;2;4067;8
7868;3;7318;51
108;2;11572;6
17240;14;148835;3665
5337;2;16820;137
5429;3;6592;65
172;1;320;1
748;11;57479;50
1774;9;230680;330
909;3;4506;18
151;1;2651;4
3399;4;42002;249
850;10;60929;121
16272;17;277594;2484
502;2;627;8
3915;14;377788;2661
652;6;12198;17
397;1;680;10
8344;2;1786;11
21;1;477;2
85218;4;36088;2230
5978;4;16716;76
13380;7;103382;1254
322;1;3355;6
19784;2;1015;72
33552;3;7693;342
3852;1;5874;17
903;14;158384;98
128;3;52049;57
4784;4;2418;17
72;1;1610;6
5304;12;6015;41
1534;3;28551;65
281;7;147382;60
243;2;8011;8
1840;5;66612;386
67390;2;239;45
209;4;96012;45
774;3;61661;88
45617;4;3328;192
4892;2;3955;25
315;2;3461;5
179;4;34493;8
1939;3;20444;67
374;2;8643;5
1339;3;6202;11
4089;2;14380;78
9325;19;275709;2990
103439;6;486976;51793
3224;1;9267;73
28757;3;30868;792
185;2;153;2
2394;1;4525;12
57;5;21346;9
52420;3;8705;497
33005;4;304;99
441;2;11491;3
88;3;38302;11
349;2;1216;14
101;5;6692;19
43;3;14248;3
9515;6;841028;8188
2566;6;27219;94
128;2;6813;10
60;2;929;1
32395;8;1580290;28340
2047;5;2965;22
16360;3;5621;110
362;3;7361;23
1998;6;189505;602
2404;3;3838;15
633;2;2393;5
984;3;53921;81
452;2;55299;98
1118;1;7125;5
3281;9;85095;223
20510;5;120018;3461
465;2;3479;11
3897;4;115358;448
4090;2;5762;32
7887;1;7223;70
15003;5;16004;416
103;3;586;2
2627;3;24294;76
9408;3;5021;50
5744;10;161559;595
46;3;43856;9
65728;10;4663;514
309;3;7903;4
3579;2;8320;31
4941;2;9958;81
1225;5;1880;12
8711;4;26471;244
306;3;1084;2
2729;2;5306;19
5338;3;9155;35
3124;4;29185;97
16261;8;50335;580
7516;4;2052;15
128;2;8293;9
7850;2;8661;55
14414;3;7575;130
6;1;866;0
713;1;2894;40
146;6;2450;4
352;4;114122;59
6764;6;3572;35
546;2;3812;23
1930;0;81;3
512;2;23353;23
0;2;35334;29
1134;1;9908;62
761;12;30738;51
102200;11;34421;4399
90;4;98;0
13335;1;331;3
168;7;115627;46
8476;1;14628;109
1352;2;20904;29
48;2;4611;10
9094;4;45358;767
9098;1;461;4
1921;7;27783;111
519;5;15419;10
5984;12;16471;117
1903;4;13456;30
418;1;2250;35
944;2;4145;33
65;2;3045;18
23246;20;312412;9147
6019;1;10471;77
29;2;3377;1
8241;3;8702;77
356;1;44573;30
102;2;2450;11
26334;2;8972;257
300;4;2307;12
8881;11;68903;284
1162;4;7635;33
4572;3;19914;186
345;2;221;10
103;3;2855;2
110;1;345;15
149;1;4710;11
2855;3;15357;37
10403;17;288867;4754
45135;2;3296;195
188;6;4424;21
3438;19;65242;223
14973;3;113204;2792
38;5;16603;15
867;4;22052;50
725;4;16504;30
53799;7;45690;2543
302;3;613;2
306;4;8004;5
1352;1;1955;5
882;2;52715;38
3424;2;3276;18
1245;3;251;1
1472;2;11118;17
227;2;3736;14
315;2;6674;18
7118;7;55950;903
503;1;50541;37
2287;3;13066;33
450;2;23979;14
84;1;1428;0
0;10;137379;637
543;3;22192;27
501;1;1620;2
91541;15;366868;45215
3003;1;17438;143
771;1;13800;11
161;4;58022;16
54;4;26453;14
237;3;48668;17
556;4;9110;8
6152;3;2416;48
817;2;43259;35
613;8;69853;40
90;5;5196;9
4017;6;1980;24
47;1;1899;2
7383;2;105194;1415
32;4;27297;1
33547;4;33268;1313
0;2;117496;28
423;1;1547;8
55;5;12088;10
155;2;86020;15
2630;2;5414;109
3031;2;5343;36
0;1;3117;4
3720;3;350281;1056
4925;5;22387;193
15602;19;86642;819
22136;5;30529;763
204;2;1448;5
283;3;10003;49
8889;3;91761;895
1196;2;8484;30
1141;2;32194;46
3216;26;378014;1582
2924;2;1701;7
7024;3;1814;14
1007;2;2716;10
23;2;189;1
9374;1;2514;30
5644;6;37505;246
608;6;26318;42
1040;3;9974;21
771;1;26444;29
3197;4;60680;278
2017;2;13628;32
5892;8;1374;7
779;3;291;182
1117;2;7167;31
313;1;12688;15
1058;3;11061;15
13677;1;94;4
5390;3;9619;64
4088;11;75152;249
20618;7;13639;597
44;7;12534;16
991;9;113659;104
1181;1;3704;8
1512;1;11181;18
1277;2;4577;100
91;8;9598;5
5715;7;16337;73
323;2;372;0
597;1;6794;14
611;4;11418;70
20531;3;16450;326
7086;2;5487;49
1;1;498;0
908;3;15702;33
31;1;4495;1
692;2;17326;15
849;3;66277;50
4421;1;12816;64
12214;17;171559;2752
482;2;18977;37
781;4;12239;18
13554;3;8466;232
30;2;8534;3
75;1;8706;1
11570;2;688;15
2642;3;446;3
1771;2;1721;17
45016;2;1677;92
2861;2;7406;33
11184;1;487;10
496;18;19700;26
1244;2;18967;24
28;4;169;4
1105;10;238383;254
2019;5;10932;29
1547;9;35003;44
1713;5;29043;46
89;1;16898;7
997;2;20045;24
339;1;5097;37
907;3;5080;8
1067;5;13824;27
78;2;10052;14
9927;6;5245;100
25;3;14903;3
22322;5;12668;138
46;2;23749;2
2548;6;8058;35
5021;9;71202;520
11;3;7955;4
3515;2;1476;8
1686;2;22952;81
3671;5;34873;82
347;1;917;2
5755;3;67246;251
621;3;4531;2
1278;2;1633;1
2924;4;1889;22
284;7;19257;11
1287;8;86524;252
14969;2;4501;43
106;2;9647;3
3032;7;37717;129
1319;10;31313;47
2753;7;24703;62
478;1;5922;13
175;4;40788;49
11880;6;65899;642
687;3;272;2
1817;1;5419;13
64042;3;30440;2296
1320;2;1040;19
280;7;17535;7
3;1;2896;0
16792;4;11811;188
1626;4;82325;116
6590;1;12713;86
79;4;16268;11
0;4;60445;29
5429;2;5111;92
3075;3;22410;141
1445;1;1750;3
400;1;7791;8
101;2;149;3
103429;5;10356;808
737;2;132;0
124;3;16052;7
5;3;109;1
193;1;1507;3
12220;6;50859;456
147;2;3550;47
3365;3;1565;11
919;4;4510;4
321;8;80027;45
2011;3;3457;15
613;5;10760;25
1724;1;3945;12
41;8;8204;18
774;2;3435;6
925;2;286;11
1043;3;6785;5
452;4;11688;26
14;1;1352;15
4525;3;19226;67
420;4;10235;27
1043;3;12894;16
109;1;78;10
182;8;12668;17
625;2;22976;34
1620;2;1998;20
38;4;8409;4
557;5;48361;27
555;3;3639;5
108363;2;1787;247
1195;4;4960;6
87;2;196;1
366;5;7160;27
2616;2;982;20
11;2;940;8
8391;1;1798;20
33670;8;27371;965
2934;3;18919;102
1314;4;5363;29
12541;21;453165;6245
116;10;111530;41
75462;1;7647;500
904;3;4266;7
9692;4;16557;241
1104;1;2111;10
579;1;2007;6
5496;4;29524;133
1281;3;6274;14
9;1;579;3
87;1;238;1
3090;6;22138;121
31;2;6242;0
465;2;3670;3
9033;3;9034;62
308;1;1579;1
14249;2;6717;73
824;2;237;9
8547;4;8616;65
2932;4;898;5
51;2;201;4
10844;7;219000;2373
113;2;64;2
837;4;6694;4
2176;26;548338;476
53;4;12996;4
865;1;725;46
77;4;4154;3
1488;3;1422;1
811;1;194;4
495;3;5877;30
5433;3;5578;56
304;3;8933;34
26;3;3429;14
4435;1;15630;99
2635;1;4504;21
1480;1;7193;16
4099;2;57969;155
723;4;40960;63
3085;6;64859;160
314;5;5564;7
3504;2;101;3
1596;5;14814;37
71;3;8047;3
646;7;37023;23
1445;13;194797;226
605;6;12682;24
489;2;20407;79
15;2;1542;7
158;2;3093;1
25253;6;8407;259
5542;6;23750;117
62161;9;80213;5409
4504;3;83569;263
0;11;3744;12
51;3;13857;37
1798;2;1409;7
189;1;1373;3
3601;3;12741;62
8402;6;10517;54
0;6;15769;77
410;6;11987;10
510;2;5028;2
10091;5;28928;211
1199;2;461;1
5050;2;23595;55
643;1;1135;3
2322;2;8294;56
25684;2;2921;82
904;2;7729;9
106;5;43822;5
949;2;56912;45
16637;3;4597;94
6;1;5714;2
102;8;4430;38
67;1;9690;28
1913;1;1041;6
141730;1;165;23
288;2;1330;11
169;16;4767;49
1429;2;2081;10
121;5;15906;21
2132;0;307;6
202;2;9003;22
33363;2;271;14
1101;6;97882;79
663;5;41327;53
955;4;84688;75
67;1;3201;3
401;1;1563;35
48;1;809;2
12672;4;89758;2175
315;1;9021;22
5802;4;22820;142
1281;3;38279;191
168;10;109213;23
320;1;2068;2
5272;2;3299;36
4075;6;25250;162
303;1;560;2
382;2;2631;7
6168;2;4151;39
3923;5;15526;277
543;11;155209;130
963;3;17359;22
478;6;50397;189
81919;3;4543;517
0;4;12595;1
1208;2;6511;11
53;2;87;1
73;4;18829;12
2882;1;8847;46
26156;11;5953;141
2837;9;43082;308
14158;4;5701;64
7704;3;276679;1149
18929;4;1443;17
1765;1;1315;2
450;5;14482;29
652;2;57;24
65;2;1046;4
1434;5;15874;112
40227;4;3776;216
12177;2;10249;130
8;2;1356;0
546;5;84013;65
2074;4;4821;6
1002;2;17442;13
33318;1;3919;95
141;2;1568;5
7108;5;19702;125
3761;8;68802;326
1170;7;14365;26
625;1;1006;4
143;7;13262;27
0;5;14307;22
6333;3;8698;73
4543;6;18085;143
8440;1;241;7
163;2;6803;6
11;1;297;2
91;0;45;2
7239;2;350;3
618;3;3729;1
1726;11;239120;408
3188;10;98671;239
6426;6;15986;187
518;2;15291;26
4356;2;5828;45
1275;2;2385;17
449;3;25896;5
371;7;37283;68
23797;6;15330;301
493;4;8185;4
13;4;8548;20
14165;7;24527;466
342;1;2837;9
320;4;94385;53
45;0;810;12
8;2;82;2
36;3;7584;0
3652;3;5917;24
318;5;28120;21
383;2;9920;16
770;2;241;3
951;20;43074;31
2436;3;8813;25
1292;8;11432;57
0;3;6493;100
3030;3;5664;81
126;1;6258;1
23305;1;7816;131
1008;3;16192;33
10394;2;664;9
2053;8;5988;27
505;4;5651;8
136;2;181;92
1607;1;982;12
116;2;24356;42
3640;1;6298;28
1208;4;29630;104
17253;7;8986;227
500;4;7537;4
645;2;1984;2
2452;5;105746;245
17651;3;5311;102
9626;2;35140;237
6186;6;8804;84
3893;5;1386;8
731;8;12874;46
894;2;79484;84
5720;3;1667;20
7594;3;11996;48
2518;3;9523;35
216;6;32209;15
2125;3;34878;68
190;0;131;2
16067;4;14045;284
527;2;10619;9
129;2;13766;12
19;3;1635;11
89;2;2013;100
2174;4;45388;96
11116;1;6510;98
113413;1;6079;691
13713;4;14844;197
68840;2;28450;1719
110;1;268;1
0;21;11507;1
1213;2;20569;91
8;2;2020;2
143;3;7939;11
14435;4;8660;82
466;7;14303;46
1591;6;5382;25
152;4;21478;9
4357;5;14078;47
4917;1;899;10
259;1;1075;4
793;13;206093;316
1100;2;6195;27
2753;2;14325;39
3148;6;388155;1574
317;3;5167;19
361;2;5717;83
65;2;698;6
513;1;8078;38
116;4;17881;27
365;1;1410;5
5251;1;880;30
922;3;1014;166
469;2;7523;12
1139;6;100667;99
1456;2;43882;86
284;6;22007;99
1672;5;196408;236
427;2;1300;4
5409;1;4194;28
9566;7;198006;1642
63798;5;15420;952
83;3;36028;2
8146;3;21983;157
413;1;451;0
1480;3;7070;32
388;4;11383;17
727;1;6986;12
1807;6;1947;6
581;9;14666;33
13617;13;244439;5251
10429;1;721;11
33239;3;60438;2384
56934;7;79875;4806
17725;2;3153;75
11500;1;484;6
2007;1;147;5
19;3;49;0
91;1;601;5
622;1;6935;6
4177;1;145;1
1038;3;1039;17
176;5;44318;264
6081;5;17053;77
2394;6;13663;53
28245;9;12497;652
19;1;682;2
3245;6;1787;12
56;5;333;10
11314;1;558;8
0;2;7767;3
1624;2;9757;26
115;3;6413;12
5365;2;7943;48
34594;3;6397;268
661;6;24601;24
2876;2;3405;20
725;2;25007;97
1621;3;7530;20
6885;2;1708;14
466;4;26107;93
6217;5;14898;123
10496;1;872;13
157;1;1007;4
2282;3;8240;40
303;8;69218;53
1060;3;1038;2
4522;2;5583;67
3470;2;64433;188
32475;1;1902;65
14168;3;21967;312
6557;4;13210;52
1678;3;575;1
1973;2;6464;18
1797;5;1038;20
9744;3;34164;352
2709;3;11117;39
572;2;3168;7
53138;3;5187;195
365;4;2112;5
56;2;1289;10
90;5;85441;64
2075;2;1088;6
79;12;335648;22
73;2;990;0
521;2;17952;22
11570;2;18001;347
60;2;12944;1
107;7;4818;11
31828;2;2469;120
6715;5;8608;151
575;1;555;6
15601;4;68590;1341
33;6;26243;11
915;2;13949;27
849;2;7065;16
2687;7;23245;100
9292;4;23860;301
1375;1;1915;14
1854;2;1160;52
3469;4;722;11
815;2;13899;115
2161;4;19809;52
2048;4;11025;37
8815;1;3389;38
344;5;136457;125
27164;5;4444;109
100;2;7898;5
7477;4;6802;134
106;3;30075;16
4338;3;864;5
925;2;158;24
600;6;31722;15
53;2;596;5
14501;1;16954;152
220;2;54532;11
111;4;5545;17
231;1;782;7
771;1;14222;25
39185;1;857;55
48;2;1279;6
65608;8;108426;3129
146;14;16815;3
1299;5;34394;83
1507;2;3448;15
513;4;310;1
1848;2;11159;64
255;4;5564;11
80;3;35444;13
6978;26;1059278;3785
25;1;555;14
7390;1;1082;18
313;2;5636;10
55532;1;1212;80
3641;3;427;1
2746;2;2764;9
1757;2;1015;15
14495;1;899;24
163;1;3712;5
405;2;11039;9
53;5;7421;14
4371;2;6982;51
12243;1;588;9
55;2;22159;58
2877;3;1761;9
6;1;2320;1
795;3;5201;4
25116;4;7509;213
2915;1;300;4
641;3;13968;256
5324;7;34720;332
1928;6;84724;99
2245;4;5885;19
136;6;19137;15
50;3;3206;6
2398;2;1587;3
11693;3;36426;435
48;7;16853;1
11650;7;104809;778
2237;2;2943;12
536;2;572;0
454;2;1945;25
285;6;17660;82
12223;2;27712;591
16619;1;7695;170
6969;2;21712;161
4903;2;2705;15
54;3;19894;5
109;4;13916;3
1199;3;4314;7
19089;1;1964;35
3935;4;40093;185
8782;3;8389;136
17946;5;13255;214
1408;4;9595;10
42;1;2261;6
0;5;22587;3
11586;2;3105;51
13109;4;2060;24
1648;2;18082;27
521;11;6441;11
334;5;38020;13
8175;6;4917;62
34;3;6128;12
2890;8;9949;49
131;3;3853;2
8243;13;76214;393
882;2;5356;7
11181;17;209099;2324
4614;4;114353;417
940;2;1241;24
22655;3;16703;399
2095;5;126;19
526;3;4755;13
23;1;208;2
4414;3;20764;96
4717;4;79442;695
1079;5;91234;373
24805;2;11686;383
7085;3;23138;145
689;2;30244;49
3972;2;6077;44
8203;5;5820;43
2175;2;6802;70
1082;1;9165;32
0;4;88514;65
4382;4;8813;60
191;2;1829;4
1759;4;22600;57
6319;3;25124;206
2472;11;3810;43
5408;5;18679;101
516;1;101978;111
1434;3;18381;41
1101;6;321678;330
9652;3;2128;15
33;2;517;2
1057;1;101;3
135;1;241;2
729;5;17903;48
2179;5;20844;34
1508;2;43217;149
398;7;57701;30
779;11;162317;214
334;2;7206;38
19325;24;25453;376
1972;2;3834;11
38;2;8399;15
15;6;44315;8
318;2;4573;21
3757;18;287921;1693
631;1;3988;13
36;4;230;1
1382;3;39690;138
9179;1;1275;9
3302;4;40706;188
897;18;14882;78
0;5;2947;22
8;1;1078;11
28266;4;833;32
260;6;19261;10
1426;3;21405;57
4501;2;7962;55
690;1;118;1
214;2;5549;2
11295;4;27871;356
1633;2;42120;313
23;2;1535;0
912;2;6324;17
26;6;1276;11
3340;5;145714;990
599;11;57763;34
2557;5;18042;65
82;3;8971;5
1504;2;41203;93
274;8;32982;36
0;5;24643;13
1312;4;74781;286
4740;1;6157;38
4673;2;8500;33
144;2;12583;0
1456;8;247435;453
1529;12;38118;52
623;1;3267;14
511;7;55859;95
5238;1;2284;10
944;11;85002;117
33;4;5343;10
881;14;52935;68
1213;2;11829;20
0;8;102537;73
1601;3;28203;223
2404;1;3850;25
6421;5;32113;189
324;14;15424;21
434;1;4753;3
16932;1;664;149
43;3;3276;4
0;7;64169;83
3490;3;14867;58
19773;1;16307;483
62468;5;1546;61
2268;6;19374;33
741;2;2455;13
2134;3;677;2
14158;1;36931;856
97;3;8402;2
12736;9;104244;1708
5727;1;1330;6
11570;2;3264;66
15423;10;3844;51
12049;1;362;4
5659;5;22701;129
13427;1;45159;703
93;1;1697;5
5132;6;58619;495
1364;4;3829;22
846;2;10938;21
394;4;31417;14
557;3;3464;28
16;1;873;2
924;5;1368;7
2887;4;93552;406
5476;5;134938;994
120;2;42972;24
0;1;1060;2
801;4;42072;43
5329;4;9846;144
1573;5;12991;45
700;6;18256;44
5470;6;125661;702
2958;4;5617;30
31;3;2666;3
9720;3;5205;82
673;2;29562;30
1698;2;3535;14
0;7;15675;5
9881;3;68226;708
12666;9;28131;235
332;1;396;2
5925;2;3895;29
1033;2;896;38
94541;8;20743;3220
141;3;7307;7
118412;6;27841;4650
3502;1;88;0
67;3;3628;0
662;12;22589;133
8172;3;7669;50
6900;4;10037;84
1319;10;150925;111
24616;14;221381;5361
2140;5;5250;19
570;6;79062;107
318;1;15359;80
2949;1;10532;28
85;1;7515;4
18929;5;3488;115
1;1;912;5
66;1;31401;32
48;2;10102;6
3787;2;13669;33
117;1;6507;28
1000;4;204583;158
828;1;645;5
43;1;1165;5
542;2;5589;25
4113;8;43930;196
143;2;4332;5
2183;2;1598;4
900;2;3784;20
3434;2;45130;276
25;1;463;4
799;4;51421;52
24057;6;23106;479
559;2;36492;29
358;2;10280;33
681;3;45;1
1531;4;13058;132
21;2;14387;9
618;1;1963;6
8594;1;24404;268
4897;15;154575;575
70;1;7622;27
18901;15;402122;6101
44;2;80;2
1103;3;26052;137
5475;4;5813;33
1487;3;936;5
770;3;1039;0
375;1;5345;34
457;2;269;3
113;4;4240;5
4441;2;3316;30
2044;7;52476;137
180;8;27429;25
811;1;56;1
3779;4;1471;6
433;3;26737;13
9187;3;2284;42
26;2;8113;5
42989;10;220708;5578
147;5;48296;28
1541;6;40145;65
150;3;10746;26
43717;2;1521;66
1149;3;38999;79
65151;20;505958;19786
2075;7;26507;73
0;11;8714;2
3721;3;19953;76
9513;2;5972;45
2316;1;79233;209
824;5;30915;31
251;2;3822;16
2796;8;4890;8
1909;2;11674;28
1763;8;64213;197
69366;2;533;60
231;14;40863;20
185;2;26972;12
1179;5;31358;31
19168;21;198940;2756
825;14;12534;46
21;1;2470;7
376;3;9848;14
477;1;1290;13
51;7;28045;3
2335;6;40221;126
617;1;4587;24
27854;24;139486;4011
1256;2;5093;26
312;3;30805;4
9196;2;6396;85
322;7;72512;19
780;1;138;1
1291;6;110198;201
1;2;756;0
26949;5;85470;2592
35457;2;10970;574
9120;3;36069;257
217;5;3603;8
0;3;5165;30
18221;2;12790;210
87;13;99079;42
8378;4;9829;75
370;3;74960;55
2232;5;16276;43
305;4;78761;83
525;1;4207;18
1907;5;15964;45
939;2;4125;9
491;4;21269;26
65;2;5281;1
798;1;1682;2
346;1;16398;4
29917;4;6725;199
614;3;57082;232
71;3;7034;1
20510;3;2100;46
945;4;17527;42
9200;3;11093;84
732;2;39140;42
5672;1;4288;36
535;14;138659;83
600;1;295;7
958;2;2990;4
11116;3;3139;31
3004;2;5130;28
1852;9;247590;677
383;4;854;1
1986;8;68772;123
42;1;2011;0
1544;1;6383;18
1412;5;15509;38
222;1;49374;90
32610;12;85899;4802
230;4;747;98
1952;7;81346;238
119350;3;389;58
3308;3;13372;67
1978;6;152677;417
1596;5;41114;52
1031;2;9625;11
24049;2;1854;74
165;6;33217;11
32;1;1728;19
647;2;1248;2
38508;8;50240;1897
1336;5;44852;129
38;1;3839;7
8;1;1691;1
362;1;1578;4
7684;1;1248;19
8073;4;45235;323
4728;5;8319;49
341;6;58564;42
13863;2;1905;31
8337;1;378;3
2080;10;178313;464
1;2;2453;20
3126;6;21260;78
904;4;36772;58
342;2;10186;4
6728;2;3763;56
36;3;2953;6
3098;13;98085;530
3852;4;8678;56
7244;3;40713;432
66;3;8754;6
41;1;1257;3
20426;5;7387;141
2332;3;3305;7
2313;4;5147;26
104;9;82771;46
21225;4;21935;501
2633;1;20727;76
1;2;6005;1
5728;18;104937;539
111;4;70329;57
66;3;653;1
15753;10;46254;902
78178;9;153242;11915
77;3;1834;18
1;3;370;1
4918;2;8112;78
3815;7;2433;5
5353;16;259081;909
2599;1;8265;13
6255;5;8131;42
390;5;40521;73
2345;6;65706;224
382;4;10641;8
335;6;8893;12
10486;4;279832;2310
12857;3;2556;23
1;2;202;1
21095;2;1015;25
424;5;46207;19
3277;1;6001;24
525;2;3027;5
13226;1;7881;157
11656;5;7809;180
1502;3;36255;68
1982;3;184;12
9461;4;24384;297
13;1;4591;4
4262;2;9865;72
650;7;6228;8
2076;13;53690;111
1212;7;21499;33
29156;2;6443;103
490;2;11307;8
6534;2;7727;83
134;3;2122;4
86;1;15329;4
18874;1;2143;57
361;5;590;6
586;4;67380;32
1085;1;350;0
555;3;11317;8
13349;2;7516;119
3735;10;164737;843
291;4;19876;20
43;1;2906;21
231;2;6757;4
2411;2;3524;38
10945;5;152115;3032
1762;3;3609;8
16875;11;87542;1011
410;3;91436;75
32538;6;5823;126
3345;1;2517;13
630;3;974;63
3817;9;119314;456
4353;4;7394;44
658;8;73112;80
907;3;10251;15
59;2;5272;5
3351;1;9038;21
2217;1;800;2
16;3;2644;3
93;2;31965;4
1678;1;4295;12
1173;6;20110;109
1907;2;3372;10
119;2;473;7
322;1;3972;12
14100;2;11056;272
6833;2;19687;194
1040;3;8243;10
439;2;5071;8
22339;2;6852;89
2458;6;48287;96
341;1;1948;6
757;9;199536;248
55532;4;9835;522
163964;10;66078;9412
9775;6;32256;397
4783;7;2074;16
1745;1;23179;79
1933;3;44866;162
4593;1;465;10
19688;4;3024;202
79;2;2101;7
38104;1;504;25
28;2;1223;13
13255;3;16298;213
1997;3;3205;19
327;2;6561;1
11173;3;19173;318
656;2;334;2
1371;5;13765;15
964;8;14190;24
75995;1;1012;118
40920;4;3851;171
62;7;3808;19
679;8;55097;51
1894;1;134;2
375849;1;1766;444
95;3;4007;0
6117;3;10723;59
36;7;4650;13
5045;5;11814;38
10535;8;63786;780
129;1;3151;6
21;1;27917;11
36;4;2871;7
2841;1;724;6
5991;5;2772;16
1982;22;848750;3169
2753;6;102037;515
2273;3;20902;48
2462;2;7305;23
8507;10;4414;99
61;4;7963;10
6782;2;39639;172
3726;2;1253;7
256;3;172047;175
4241;4;17529;60
8185;6;32317;280
170;2;7108;13
7235;34;309815;2546
145;1;14522;142
3592;2;4107;44
21877;14;49073;855
1392;2;7833;10
50;1;269;0
2134;6;46702;131
534;4;3374;6
0;1;315;5
0;1;4572;9
34077;7;153747;3464
128;2;803;3
109;5;34100;8
1820;2;11384;29
677;1;394;0
28540;1;10967;480
2649;16;194704;590
977;3;5445;6
71;10;11188;1
253;7;33857;33
39;2;6638;11
123;6;15422;47
510;9;281576;237
1411;5;17757;35
2948;3;46105;187
2693;3;1980;8
3337;5;64848;466
3473;4;601;9
5;0;16;0
2766;3;31782;230
98;2;15238;1
144;3;3935;10
2227;3;7493;19
0;19;34464;22
6861;5;13622;94
78;1;166;2
1628;3;7445;22
2521;3;5546;26
26979;8;23823;638
31;1;1304;3
812;3;18840;37
1341;3;42768;59
3907;1;178;6
46;4;11730;8
22072;3;9325;190
232;10;176303;51
769;2;197;0
179;4;2630;5
2414;6;14776;72
15079;1;7220;152
678;3;3450;6
2694;1;1409;17
144597;2;721;114
4479;4;3685;27
396;5;175526;153
8456;2;20785;87
4108;7;23454;88
5625;4;3168;83
638;4;27037;13
701;3;3360;6
20355;10;44910;1023
701;3;6450;16
142;1;51994;11
31;3;12575;7
281;10;34469;14
1114;1;5527;7
639;6;83327;44
1143;1;7169;9
2149;3;7197;30
179;1;2407;14
3476;5;265;0
125;1;490;2
113274;2;4027;397
1905;3;16886;50
435;2;2416;1
781;15;189033;158
2346;2;16545;20
28;3;847;5
2511;15;185513;760
306;4;27219;27
589;1;16459;49
127;2;550;2
1293;4;21609;30
180;1;7102;5
829;2;3227;9
85;1;1646;3
5110;6;27056;142
0;2;3894;11
18429;1;12320;322
4089;5;72312;790
156004;3;3521;559
103;1;5654;2
34102;6;54508;2134
2772;3;9744;23
1858;9;310226;646
28544;6;102250;2429
249;2;406;13
4662;2;16253;87
1584;7;68999;110
118;3;22806;5
582;3;793;3
588;3;162;3
10662;5;45632;438
135;4;42;1
648;4;1000;0
61037;6;28577;1399
25;1;6940;7
748;3;73651;55
317;3;626;0
1724;2;6304;22
21603;6;2485;42
664;1;11436;11
17123;11;52942;1187
2127;3;761;12
1340;12;129049;196
216;8;127548;38
0;6;12451;15
280;6;54281;20
145;4;12076;8
2351;1;12948;22
390;1;15524;14
791;3;6304;23
986;2;111321;53
1473;8;20744;52
160;3;2307;18
26;2;1030;2
741;6;22349;22
447;11;67796;162
1956;3;44824;53
534;8;19673;19
2019;1;18601;120
2856;3;15143;56
1;1;761;5
327041;5;151332;60825
7906;3;2787;27
1208;1;54043;73
835;3;2638;10
10218;2;651;60
26621;27;184472;5728
11388;3;14489;183
37426;5;4636;144
4860;6;159540;559
11;2;3398;4
45;2;4495;0
0;5;83612;28
35452;7;135824;4205
3843;1;172;4
24321;8;46493;879
137;1;546;6
1374;1;556;18
1238;2;682;14
1055;4;19300;86
72;4;32420;25
2427;1;162;38
152;2;6672;31
444;2;3430;5
13566;7;64722;1623
611;2;10861;124
1418;2;6753;23
20392;20;225758;6660
14969;3;20556;323
33850;1;371;16
47;2;181;6
827;3;25265;23
8218;8;15658;179
88;2;9758;37
46;3;15919;8
44;1;70;3
115;3;250;4
123;2;2872;46
990;2;3766;15
892;4;12625;37
3050;3;9603;54
63;5;133633;8
1096;1;1038;2
38;0;405;0
67724;10;292376;14848
10188;4;27101;277
1324;7;8407;25
296;2;326;0
91551;12;80473;6053
0;6;11198;6
80;3;718;0
450;1;51520;34
128;3;3320;1
3795;3;7170;68
421;3;95268;88
395;9;15503;14
148;3;13101;30
157;1;69;4
318;2;10535;54
1989;13;83793;84
305;31;38865;49
2735;9;52069;156
14938;39;308224;4673
447;2;13297;23
826;5;94436;200
47;2;14774;7
15618;3;11247;268
52;3;3033;2
134589;10;3986;487
51;3;1684;85
654505;7;2599;1653
103;1;2342;10
7307;5;39874;375
1840;6;68098;161
11407;4;15034;339
241;4;71849;77
3826;1;1381;7
41879;1;6523;366
78;2;14741;5
2576;9;78667;376
351;3;18871;27
934;2;3003;5
530;2;4062;3
2954;4;82;10
16615;5;14185;348
5215;6;6259;36
818;1;1652;5
3268;2;2532;17
1316;6;57863;55
844;1;63;10
182;2;27535;120
887;1;22030;31
6027;3;17268;144
19152;3;28017;1104
630;1;124;1
123;1;466;0
9346;12;23685;273
613;2;14281;13
4726;9;66778;372
1255;15;215880;176
6361;1;8130;68
9814;3;10629;94
364;19;158779;67
5758;5;7525;81
393;5;110562;78
3511;9;14612;56
139;7;41719;27
896;2;3422;11
630;2;2866;22
35302;3;15869;890
7520;6;1975;15
1199;1;22080;38
6279;6;179894;780
1796;4;5190;130
4499;2;4723;30
0;10;20473;3
13;2;329;2
8923;7;96418;664
9524;12;17369;249
1273;8;49838;156
58;4;11487;7
1675;4;8432;25
27327;3;778;32
2206;15;628438;957
133;1;40236;17
378;1;14123;60
1347;1;2516;2
2603;3;1139;12
1626;1;3017;13
91;2;546;5
1055;2;6167;10
2918;2;47674;94
5390;4;7062;24
257;2;19923;22
1610;4;3853;11
363;11;15472;7
50;2;461;5
2450;12;8753;144
40;1;653;3
11;2;321;11
523;9;234747;703
106;3;10497;2
6951;6;13428;45
5885;2;1881;8
845;4;73139;73
140;2;28475;43
9064;3;3914;30
164;2;3700;14
36894;3;25923;884
1255;4;1975;63
4184;3;4441;18
435;1;645;20
2184;2;38620;126
2247;1;2259;16
1920;3;69293;174
639;2;9593;9
893;3;2056;4
6097;9;3143;12
580;8;12498;34
146;5;7996;6
1716;1;19025;32
54325;16;409807;34505
4219;5;11181;48
983;3;5696;16
48;2;2069;1
369;2;21696;8
17472;3;19990;485
5397;2;885;17
398;3;32339;22
54;2;2981;5
381;3;3942;4
18404;12;51956;1370
1153;2;4236;6
19703;3;11042;264
18420;2;4243;75
13380;4;33394;739
2953;3;4569;22
76194;2;2126;92
3648;4;9592;38
96;9;11994;16
55532;3;33339;2713
1144;3;908;2
68;2;9625;30
141;5;15572;2
4154;3;93913;1369
18;1;288;4
5323;2;5326;26
1023;2;4492;16
1645;1;4755;27
1;0;314;0
241;1;103;20
46;4;14221;35
2046;2;884;35
2445;5;148383;597
786;4;54516;130
432;2;2928;3
1686;1;20508;50
1380;6;5915;78
4171;14;23406;105
467;1;2559;11
1942;3;18897;47
87;4;1956;1
6217;1;23720;95
141;3;33054;5
3027;3;26005;112
193;3;11530;29
591;2;579;3
3935;2;12118;60
6548;9;12611;95
2456;2;41064;54
470;1;25463;27
1585;12;40789;92
317;1;8691;6
4692;2;1320;12
6727;3;29758;330
2688;5;1260;14
82;4;21556;2
116;3;260;2
2070;6;4428;23
3999;9;18067;181
3093;1;2182;11
34;1;784;4
4323;4;8980;85
394740;4;4076;2093
3060;8;6449;68
47;1;455;11
13739;3;815;12
687;2;2066;4
6072;3;6885;65
1865;5;39529;182
157;2;1283;1
28368;3;11268;436
33480;8;22200;1011
27868;3;15278;351
176;2;98;4
13605;1;8468;64
2391;2;2533;8
1238;5;5615;12
122;1;564;10
686;3;477700;252
208;1;2407;5
156;5;27972;46
650;1;291;5
1383;2;3871;10
166019;4;1923;204
3732;1;2297;17
3394;4;769;23
4271;3;3196;27
6951;2;1239;22
68;3;40809;15
2221;10;19107;84
15956;1;134;2
31788;4;28570;944
4054;1;15950;96
34312;7;32276;1014
343;1;769;1
412;5;5286;8
701;1;6959;15
287941;6;3080;850
34538;1;3943;223
2606;4;32338;85
13465;4;44802;780
91;1;446;5
12600;1;7191;236
35;3;346;10
39;9;20504;7
2113;3;29866;97
79;6;8952;8
841;1;379;2
92;2;722;7
137;5;21838;47
28;1;1426;5
59;4;6247;3
1121;1;182;1
852;3;136;0
477;2;34491;26
1;1;5896;2
600;3;8947;12
10758;4;78363;1010
8;2;2365;13
110;1;623;45
106;1;18385;2
662;3;1288;9
2202;4;2507;8
1426;9;15797;44
1269;7;69880;170
52828;6;10564;523
120;1;204;12
18988;2;15438;291
6;1;64;4
677;1;2545;1
0;3;19310;36
166;5;12453;2
2708;7;63552;263
1441;2;96;2
482;5;28317;27
905;1;2897;8
1420;5;26043;33
643;1;5429;56
68;1;675;0
21;1;824;12
1301;4;11108;19
3066;3;2401;15
0;4;11412;0
3;1;66;2
105426;3;12116;728
78;4;61721;9
2163;5;37271;204
9580;4;43789;515
3570;2;6966;25
581;1;7958;14
620;2;42000;28
12550;4;6376;87
479;1;35266;14
1129;0;619;2
543;4;15553;14
10229;6;47938;2440
51;4;2813;9
148390;1;6546;873
2145;11;62864;409
103;6;43927;35
2661;3;5064;16
2877;2;3978;24
101795;13;44526;7661
1020;3;2971;7
3836;3;7815;51
4083;2;15930;67
586;4;5418;13
5991;1;3083;17
712;6;61932;35
11;2;2005;3
6386;2;1407;13
1551;18;17025;42
47042;1;12979;703
2346;2;9151;40
909;3;145704;160
596;5;2511;2
2451;7;16957;49
153;1;19732;81
561;2;2386;4
433;3;12164;10
3548;19;105426;361
955;1;544;6
4595;9;11117;58
4067;4;115;7
616;4;19666;17
688;1;935;3
146;4;35103;36
139;1;1579;4
1698;1;2737;22
51;4;28783;1
1714;8;75685;214
8590;1;308;9
317;1;330;0
1469;1;821;2
89;1;830;6
26;3;6787;10
573;1;67;4
1804;3;5066;28
8054;5;14013;93
8203;7;71717;573
188;5;13112;6
357;9;15500;22
477;2;31359;50
746;2;3878;23
625;4;30230;21
33;2;1021;2
1036;1;9287;34
135;3;7076;0
1692;1;1215;14
54;1;1732;6
1155;3;26580;86
810;1;24348;20
1003;1;15808;52
17899;2;1488;72
210;8;56674;11
576;1;20088;23
21;1;4393;18
27;3;2509;1
1688;2;1654;4
1712;2;258;3
463;9;11008;7
20005;1;16685;300
4909;1;8149;42
8209;6;20808;292
2456;1;1751;4
53;6;9957;15
400;2;3373;10
2884;5;43726;127
18;3;1523;16
749;1;5096;14
73;1;2724;8
37782;5;64044;4011
186;5;65382;94
2944;22;272387;533
33552;3;7693;278
949;3;19353;135
7186;6;31720;170
368;5;50263;25
2656;4;11453;57
43699;4;891;85
13978;12;200264;2904
36;2;5901;5
110;2;1192;6
301;3;33431;59
876;4;41950;73
1825;2;15198;41
398;8;14851;30
435;2;3419;13
1536;7;35050;111
33;1;1047;0
4575;4;3336;37
45;5;39247;2
24263;4;1308;31
14923;6;12790;368
418;3;129;4
436;2;11281;22
726;2;1252;24
62;7;32876;4
982;5;63414;71
22;1;681;2
32;3;25572;5
13793;3;1290;24
66;3;6473;9
937;17;109189;137
23;1;6467;4
240;5;3936;29
103;1;3181;4
158917;2;33655;4554
5612;3;10952;67
96;4;12276;4
5626;4;313;29
93;2;1481;1
1113;2;237;7
19362;2;3799;81
130;2;4343;3
0;3;2762;1
1;2;3180;1
2095;2;1869;7
2999;1;723;8
8491;3;5041;88
853;2;1201;7
4525;9;44065;1117
1330;2;1058;1
2734;7;5269;15
728;3;5437;7
46455;6;8545;583
3587;9;10013;43
231;5;18939;10
644;1;13298;41
314;3;45;1
757;1;47468;63
3052;2;19483;55
99;1;110;8
2956;2;11206;56
45617;7;25643;1369
47;1;2518;19
340;2;6961;5
70;2;16512;7
2219;1;30462;93
14782;2;14752;154
1897;1;1942;12
732;13;134354;166
2626;11;82775;1313
25253;3;12101;247
2761;3;2824;10
8801;32;423114;3441
1020;5;4839;6
36;3;1250;3
1326;4;12131;19
6098;5;122;0
149;2;528;1
6996;2;618;21
11769;6;22518;273
3072;1;1172;4
3088;5;1609;8
26;1;6068;8
369;5;76494;40
2797;3;27299;115
7585;5;2689;36
48374;3;5728;215
46907;1;3706;82
526;2;3801;9
672;2;5895;5
8;1;259;0
4132;2;4509;28
182;1;81;1
4421;4;36721;243
1040;3;3608;7
29;3;339;0
2678;1;5689;58
413;1;325;2
674;2;7061;7
53227;4;17495;786
1169;6;43380;36
404;2;23836;20
0;2;923;8
16;2;633;11
2598;5;42925;120
3297;2;3647;18
1870;8;26925;64
3700;1;5126;20
16;2;1504;3
2055;3;961;1
34429;4;31910;1120
380;4;7429;2
4479;3;32918;132
43;2;1510;33
1045;4;6912;12
6;1;494;10
1537;1;9508;16
8579;2;11155;160
78;3;113;1
30;1;69;12
79;1;2881;5
1378;3;31291;75
4973;2;16714;143
2586;7;4939;50
378;7;5855;22
14339;4;23092;322
1925;5;4096;20
438;1;7173;5
762;3;370;23
1799;5;31749;51
5288;12;139474;8171
7501;3;34202;251
15;3;650;4
98;1;720;2
19;2;525;9
679;1;1333;2
7964;6;20833;92
51304;2;15913;703
35906;1;4078;113
27;2;1687;6
71;3;18541;18
28187;2;16681;363
5152;9;17033;105
10966;5;7711;82
813;2;53480;60
417;2;7728;155
1682;2;42359;107
126;1;353;0
19122;3;4372;121
1910;1;630;0
2138;7;67548;126
47963;10;88622;1970
10667;2;2129;51
537;1;3374;4
211;15;47077;15
17722;1;5443;174
84;3;10456;7
18271;6;3822;114
918;2;1620;4
1128;3;8904;19
4871;1;6122;35
69;4;782;12
19156;4;15936;339
737;1;7740;17
330;1;30177;22
1579;4;3436;6
10371;3;1526;12
475;1;2902;5
607;2;13511;26
62575;4;6016;280
68;1;7166;8
624;3;21827;23
640;1;3819;2
1491;4;13425;52
665;4;25994;21
4728;2;741;2
10393;4;5609;97
3833;2;29377;131
1646;1;5401;18
858;1;12269;12
3162;9;54648;568
9177;6;4517;31
8946;1;5842;55
2288;3;31863;117
268;2;41273;17
76386;1;1656;117
2621;3;27234;169
1968;2;33456;84
5716;6;162754;494
79;3;37177;31
1013;6;22182;40
25525;8;45858;1552
522;3;4995;10
4525;9;14794;64
6635;2;12569;119
467;1;2345;11
633;2;105;4
902;1;4198;10
61;3;14275;4
11116;3;20149;382
4590;6;3482;36
206;3;1640;5
329;1;3002;3
54989;4;11200;711
307;2;13646;6
2435;1;500;5
638;4;23606;36
1617;3;33510;69
883;0;53;1
1299;2;6674;23
56;3;148;3
4722;13;233727;516
47;1;276;4
578;3;33872;31
850;11;137334;1700
492;4;1479;34
74;3;4353;2
100;7;6642;7
362;3;31082;45
53;1;14723;8
11;1;145;0
4386;10;11035;71
1107;1;1375;2
1042;2;1809;5
11831;4;2374;17
629;2;585;4
9290;2;28052;306
35906;2;9274;512
2825;2;3706;29
2345;3;1450;15
6794;3;4455;44
2080;2;1799;48
1512;11;101442;274
1475;10;16669;28
2366;2;13536;35
320;5;29494;30
23;1;3084;29
137302;8;5695;1133
4333;2;1328;23
3281;3;20296;114
138;10;14690;4
856;5;18235;31
1450;2;7149;21
35837;3;9913;441
366;1;1662;19
31;3;1246;18
43234;2;3286;160
684;5;2153;18
1847;25;184499;620
1588;2;5087;10
224;3;668;21
32;2;11003;4
68;2;232;0
384;4;19536;10
30631;7;2846;83
406;2;3960;6
2817;5;3350;14
485;18;316039;305
147;6;25730;6
2822;5;12131;39
324;3;28774;54
1132;2;11460;46
1705;13;10157;31
53770;4;1682;90
18;1;5697;67
2688;5;8197;62
2285;4;1367;8
176;9;15746;10
19756;8;26451;443
4391;11;69135;255
471;2;652;1
7853;1;16530;170
3375;2;28817;95
218;3;1633;1
1796;5;3698;14
3079;2;101453;235
588;7;13401;28
7927;2;14838;120
577;5;62514;85
4274;2;715;14
2544;3;8483;28
329;2;1830;0
1428;3;8689;18
1762;6;37998;73
22216;6;13795;315
60;3;6053;20
2761;1;494;4
45;3;6213;42
514;5;94434;170
238;1;16397;19
3031;3;3475;13
5205;3;5249;25
427;5;152644;38
0;3;44606;7
127;1;59833;26
6220;1;1362;5
461;5;4318;45
1131;10;51569;145
21173;2;2622;93
17928;16;18549;193
63;4;42422;24
66;1;2718;5
8128;2;2136;29
48;1;10267;6
136;1;2119;8
2257;3;5210;11
16151;2;22194;509
11;0;9804;4
6862;16;54312;894
995;9;32940;20
7727;2;4942;25
17166;2;8505;85
1489;1;3242;8
26316;3;3415;153
6853;8;117488;960
14160;2;26351;272
7546;3;18661;74
4532;4;36227;240
142;1;515;2
1155;24;81756;184
2645;6;8592;29
326;1;5013;9
4426;4;132233;584
2149;3;34891;51
663;4;198854;182
36;0;112;0
716;2;6516;5
31;2;2618;23
1994;3;6796;22
101;3;46373;14
785;1;1011;1
139;8;8530;1
2193;7;227831;636
7049;3;1287;48
1428;2;19108;74
5667;3;3094;13
613;2;10785;13
8344;5;11618;191
859;1;422;2
5093;10;1802;59
12;1;6096;3
175;4;5531;12
4349;1;997;22
30;1;4701;12
10527;4;40324;654
76725;1;6478;387
771;1;1096;2
223;2;5805;44
982;4;9633;15
3819;4;1934;10
176;2;1037;4
78;6;14732;37
16;2;7929;11
121544;1;3116;339
106;9;39321;157
17390;2;28399;725
1290;1;10163;17
